,KE557,KE558,KE521,FA501,MM556,FA508,BMB528,FY528,BMB530,BMB504,FA515,FA511,SU520,KE505,FA503,SU517,FA507,BB555,FA505,FA504,SU511,SU518,FA506,FA514,SU519,SFAB20001U,SFAB20002U,SFAB20004U,SFAB20006U,SFAB20023U,SFAB20025U,SFAB20027U,SFAB20029U,SFAB20012U,SFAB20013U,SFAB20017U,SFAB20015U,SFAB20033U,SFAB20035U,SFAB20031U,SFAB23001U,SFAB20008U,SFAB20010U,SFABIL117U,SFAB20019U,
KE557,1.0,0.7232,0.5211,0.5328,0.3567,0.4005,0.352,0.3262,0.3577,0.164,0.632,0.4162,0.4221,0.2409,0.4234,0.3368,0.4683,0.2882,0.3422,0.5088,0.3148,0.2901,0.2177,0.321,0.2972,0.0674,0.1935,0.1264,0.1821,0.21,0.1229,0.1466,0.2491,0.1269,0.1133,0.1281,0.1799,0.1018,0.1132,0.0735,0.1367,0.1166,0.0821,0.128,0.1099,0.1497
KE558,0.7232,1.0,0.3627,0.3867,0.3036,0.315,0.2426,0.248,0.2875,0.1512,0.3886,0.296,0.3534,0.2459,0.3349,0.2933,0.3097,0.2708,0.2803,0.3099,0.2064,0.2767,0.1797,0.245,0.2649,0.0631,0.2137,0.1281,0.3085,0.1992,0.1329,0.137,0.3912,0.1129,0.1041,0.1191,0.1863,0.0974,0.12,0.0766,0.1484,0.1095,0.0937,0.1349,0.1022,0.1273
KE521,0.5211,0.3627,1.0,0.5759,0.5942,0.6159,0.6145,0.711,0.6236,0.5357,0.5081,0.4823,0.5977,0.6497,0.643,0.6177,0.6654,0.2698,0.6833,0.6074,0.395,0.4572,0.5995,0.4286,0.4476,0.0462,0.1421,0.1037,0.109,0.1128,0.0817,0.0898,0.1827,0.0891,0.0634,0.0757,0.132,0.0652,0.0824,0.0589,0.0657,0.085,0.0909,0.0623,0.0744,0.0991
FA501,0.5328,0.3867,0.5759,1.0,0.456,0.557,0.5008,0.4897,0.4862,0.3161,0.5058,0.4838,0.5604,0.3206,0.6219,0.4919,0.6431,0.3547,0.4367,0.591,0.4029,0.4218,0.3194,0.3872,0.3918,0.0778,0.1447,0.1282,0.0859,0.1067,0.2279,0.1379,0.1651,0.1338,0.1014,0.0715,0.1449,0.1226,0.2063,0.0744,0.1044,0.1109,0.0868,0.1031,0.1173,0.1721
MM556,0.3567,0.3036,0.5942,0.456,1.0,0.5253,0.509,0.5939,0.5082,0.4806,0.3579,0.404,0.449,0.5279,0.516,0.5116,0.5919,0.2504,0.562,0.4692,0.3447,0.3866,0.4802,0.3843,0.4101,0.0496,0.0811,0.1099,0.0896,0.1995,0.1327,0.1111,0.1195,0.1185,0.1115,0.1329,0.1352,0.1178,0.1388,0.0703,0.1222,0.1147,0.099,0.1394,0.0843,0.1264
FA508,0.4005,0.315,0.6159,0.557,0.5253,1.0,0.5257,0.63,0.5778,0.5391,0.4108,0.4314,0.5203,0.4697,0.5742,0.5466,0.5431,0.3198,0.5898,0.4889,0.3606,0.4141,0.4637,0.3997,0.4665,0.1145,0.0957,0.1749,0.0962,0.1322,0.1272,0.217,0.1297,0.0994,0.0847,0.0808,0.1137,0.0953,0.1245,0.0632,0.1779,0.1313,0.0746,0.1875,0.0694,0.1
BMB528,0.352,0.2426,0.6145,0.5008,0.509,0.5257,1.0,0.6036,0.5421,0.4889,0.3731,0.4525,0.5001,0.4938,0.5883,0.5285,0.5496,0.2265,0.5411,0.508,0.3582,0.3872,0.4677,0.3912,0.3958,0.0595,0.1037,0.133,0.0578,0.0964,0.1517,0.1125,0.1015,0.1128,0.0598,0.0629,0.1104,0.0582,0.0852,0.0809,0.1034,0.1019,0.1108,0.089,0.0578,0.116
FY528,0.3262,0.248,0.711,0.4897,0.5939,0.63,0.6036,1.0,0.8119,0.7879,0.3662,0.4298,0.557,0.7198,0.6116,0.6228,0.609,0.2161,0.6738,0.497,0.3525,0.443,0.6393,0.3814,0.4603,0.0224,0.0631,0.1255,0.0576,0.1157,0.0703,0.0923,0.0703,0.0587,0.0465,0.0603,0.066,0.0494,0.0627,0.0355,0.0513,0.0409,0.0442,0.0485,0.034,0.0559
BMB530,0.3577,0.2875,0.6236,0.4862,0.5082,0.5778,0.5421,0.8119,1.0,0.7842,0.3657,0.3982,0.552,0.6092,0.5264,0.5396,0.5276,0.272,0.5985,0.4654,0.3439,0.4326,0.5347,0.3458,0.4262,0.0491,0.1024,0.2038,0.0758,0.0815,0.0707,0.1341,0.1281,0.11,0.0782,0.0763,0.1149,0.0591,0.0876,0.0408,0.0858,0.073,0.0616,0.0773,0.0703,0.0797
BMB504,0.164,0.1512,0.5357,0.3161,0.4806,0.5391,0.4889,0.7879,0.7842,1.0,0.1813,0.3037,0.384,0.6663,0.441,0.4607,0.4326,0.1591,0.6174,0.3073,0.2523,0.3229,0.5579,0.2651,0.3299,0.032,0.053,0.1759,0.0433,0.0433,0.0377,0.1308,0.0649,0.0406,0.0326,0.0328,0.0913,0.0262,0.0402,0.0253,0.0611,0.0378,0.0396,0.0582,0.0443,0.0319
FA515,0.632,0.3886,0.5081,0.5058,0.3579,0.4108,0.3731,0.3662,0.3657,0.1813,1.0,0.4326,0.4255,0.2566,0.4034,0.3296,0.4575,0.2741,0.3558,0.6005,0.3411,0.2931,0.2547,0.3769,0.3013,0.0647,0.1628,0.1154,0.2375,0.3442,0.1236,0.1315,0.2448,0.1226,0.1056,0.2265,0.183,0.0737,0.1674,0.0807,0.1079,0.0799,0.1405,0.0974,0.0724,0.1482
FA511,0.4162,0.296,0.4823,0.4838,0.404,0.4314,0.4525,0.4298,0.3982,0.3037,0.4326,1.0,0.4046,0.3254,0.5504,0.3692,0.433,0.2384,0.3956,0.5726,0.3256,0.3269,0.3055,0.4291,0.2971,0.0951,0.1637,0.0868,0.1454,0.1588,0.1542,0.0891,0.185,0.0802,0.0813,0.1002,0.1574,0.0809,0.106,0.3087,0.0857,0.0882,0.2094,0.071,0.0831,0.1859
SU520,0.4221,0.3534,0.5977,0.5604,0.449,0.5203,0.5001,0.557,0.552,0.384,0.4255,0.4046,1.0,0.3926,0.5551,0.7605,0.5141,0.3333,0.4775,0.5188,0.4323,0.7422,0.3957,0.3882,0.5446,0.0456,0.1266,0.1654,0.078,0.086,0.0876,0.1492,0.1257,0.1227,0.2009,0.0537,0.1147,0.0786,0.101,0.0402,0.165,0.0953,0.0623,0.1759,0.118,0.1128
KE505,0.2409,0.2459,0.6497,0.3206,0.5279,0.4697,0.4938,0.7198,0.6092,0.6663,0.2566,0.3254,0.3926,1.0,0.4813,0.514,0.509,0.1084,0.6955,0.3682,0.2666,0.3373,0.6922,0.3073,0.3701,0.0231,0.0719,0.0438,0.1465,0.0814,0.032,0.05,0.2001,0.0477,0.023,0.0792,0.1172,0.028,0.0356,0.0161,0.0387,0.0597,0.0259,0.0372,0.0208,0.0389
FA503,0.4234,0.3349,0.643,0.6219,0.516,0.5742,0.5883,0.6116,0.5264,0.441,0.4034,0.5504,0.5551,0.4813,1.0,0.5769,0.5746,0.3323,0.5295,0.6327,0.3593,0.4305,0.4393,0.4579,0.4172,0.111,0.127,0.081,0.0966,0.1234,0.1132,0.1181,0.1337,0.0939,0.0602,0.0807,0.1161,0.0783,0.0865,0.2468,0.1051,0.0878,0.32,0.0922,0.084,0.1871
SU517,0.3368,0.2933,0.6177,0.4919,0.5116,0.5466,0.5285,0.6228,0.5396,0.4607,0.3296,0.3692,0.7605,0.514,0.5769,1.0,0.5405,0.2719,0.5537,0.4708,0.4283,0.7213,0.4756,0.3574,0.5502,0.0286,0.0852,0.1232,0.0521,0.0529,0.0612,0.0961,0.1046,0.1046,0.1636,0.04,0.0841,0.0586,0.0557,0.026,0.1742,0.0768,0.0455,0.1709,0.1019,0.0818
FA507,0.4683,0.3097,0.6654,0.6431,0.5919,0.5431,0.5496,0.609,0.5276,0.4326,0.4575,0.433,0.5141,0.509,0.5746,0.5405,1.0,0.2532,0.5617,0.5569,0.3806,0.3993,0.474,0.4028,0.4209,0.0492,0.0849,0.0894,0.0828,0.0946,0.2306,0.1264,0.1191,0.1163,0.094,0.0659,0.1265,0.1206,0.2873,0.0695,0.0813,0.1865,0.0924,0.0839,0.0921,0.1642
BB555,0.2882,0.2708,0.2698,0.3547,0.2504,0.3198,0.2265,0.2161,0.272,0.1591,0.2741,0.2384,0.3333,0.1084,0.3323,0.2719,0.2532,1.0,0.2317,0.2969,0.2392,0.2588,0.1848,0.2318,0.2368,0.051,0.0805,0.1027,0.0679,0.0731,0.0775,0.1676,0.1225,0.1315,0.0924,0.0458,0.0981,0.0837,0.0962,0.0367,0.1278,0.1018,0.0653,0.119,0.0802,0.12
FA505,0.3422,0.2803,0.6833,0.4367,0.562,0.5898,0.5411,0.6738,0.5985,0.6174,0.3558,0.3956,0.4775,0.6955,0.5295,0.5537,0.5617,0.2317,1.0,0.4755,0.3503,0.4018,0.6698,0.3567,0.4209,0.0585,0.0954,0.0972,0.1017,0.0856,0.0637,0.0942,0.1541,0.0822,0.0777,0.0605,0.1194,0.0512,0.0678,0.0267,0.1228,0.2071,0.04,0.1242,0.0624,0.0569
FA504,0.5088,0.3099,0.6074,0.591,0.4692,0.4889,0.508,0.497,0.4654,0.3073,0.6005,0.5726,0.5188,0.3682,0.6327,0.4708,0.5569,0.2969,0.4755,1.0,0.4711,0.3915,0.3715,0.5256,0.357,0.134,0.1341,0.1124,0.0867,0.113,0.1153,0.1374,0.1675,0.1435,0.0844,0.0827,0.1319,0.0799,0.126,0.2214,0.1118,0.1027,0.227,0.0973,0.0959,0.1859
SU511,0.3148,0.2064,0.395,0.4029,0.3447,0.3606,0.3582,0.3525,0.3439,0.2523,0.3411,0.3256,0.4323,0.2666,0.3593,0.4283,0.3806,0.2392,0.3503,0.4711,1.0,0.4145,0.2722,0.2863,0.3035,0.0862,0.071,0.082,0.051,0.0764,0.0798,0.1338,0.0773,0.3981,0.0993,0.0556,0.0941,0.2464,0.0926,0.0489,0.123,0.0876,0.0853,0.0945,0.1156,0.1106
SU518,0.2901,0.2767,0.4572,0.4218,0.3866,0.4141,0.3872,0.443,0.4326,0.3229,0.2931,0.3269,0.7422,0.3373,0.4305,0.7213,0.3993,0.2588,0.4018,0.3915,0.4145,1.0,0.336,0.2955,0.4625,0.0368,0.0982,0.1468,0.058,0.0568,0.0575,0.1114,0.1046,0.0955,0.1664,0.0331,0.0895,0.0557,0.0516,0.0243,0.1646,0.0643,0.0425,0.2358,0.1179,0.0801
FA506,0.2177,0.1797,0.5995,0.3194,0.4802,0.4637,0.4677,0.6393,0.5347,0.5579,0.2547,0.3055,0.3957,0.6922,0.4393,0.4756,0.474,0.1848,0.6698,0.3715,0.2722,0.336,1.0,0.2831,0.5436,0.0254,0.063,0.0776,0.0946,0.0676,0.0456,0.0847,0.1193,0.0659,0.0734,0.0524,0.0942,0.0451,0.045,0.0299,0.0854,0.0557,0.0415,0.0663,0.0429,0.0557
FA514,0.321,0.245,0.4286,0.3872,0.3843,0.3997,0.3912,0.3814,0.3458,0.2651,0.3769,0.4291,0.3882,0.3073,0.4579,0.3574,0.4028,0.2318,0.3567,0.5256,0.2863,0.2955,0.2831,1.0,0.2804,0.0793,0.0744,0.0805,0.0754,0.1254,0.0839,0.1245,0.1398,0.102,0.0725,0.0805,0.1138,0.091,0.0806,0.136,0.1226,0.0825,0.1248,0.0935,0.0867,0.1505
SU519,0.2972,0.2649,0.4476,0.3918,0.4101,0.4665,0.3958,0.4603,0.4262,0.3299,0.3013,0.2971,0.5446,0.3701,0.4172,0.5502,0.4209,0.2368,0.4209,0.357,0.3035,0.4625,0.5436,0.2804,1.0,0.0463,0.0931,0.1022,0.0723,0.1039,0.0906,0.1603,0.1158,0.1158,0.1707,0.0611,0.1013,0.0953,0.0979,0.0492,0.3014,0.1213,0.0683,0.3137,0.108,0.0819
SFAB20001U,0.0674,0.0631,0.0462,0.0778,0.0496,0.1145,0.0595,0.0224,0.0491,0.032,0.0647,0.0951,0.0456,0.0231,0.111,0.0286,0.0492,0.051,0.0585,0.134,0.0862,0.0368,0.0254,0.0793,0.0463,1.0,0.1516,0.107,0.1823,0.0864,0.0769,0.0934,0.0787,0.0794,0.1024,0.1098,0.0581,0.0742,0.0895,0.1771,0.1012,0.11,0.1158,0.0971,0.0693,0.1661
SFAB20002U,0.1935,0.2137,0.1421,0.1447,0.0811,0.0957,0.1037,0.0631,0.1024,0.053,0.1628,0.1637,0.1266,0.0719,0.127,0.0852,0.0849,0.0805,0.0954,0.1341,0.071,0.0982,0.063,0.0744,0.0931,0.1516,1.0,0.1718,0.3016,0.29,0.242,0.1362,0.2699,0.0987,0.1525,0.2151,0.158,0.0948,0.1594,0.1229,0.0865,0.0907,0.127,0.079,0.0734,0.1299
SFAB20004U,0.1264,0.1281,0.1037,0.1282,0.1099,0.1749,0.133,0.1255,0.2038,0.1759,0.1154,0.0868,0.1654,0.0438,0.081,0.1232,0.0894,0.1027,0.0972,0.1124,0.082,0.1468,0.0776,0.0805,0.1022,0.107,0.1718,1.0,0.1288,0.1039,0.1431,0.3554,0.1194,0.0801,0.246,0.1378,0.1209,0.0817,0.2009,0.1452,0.1246,0.0884,0.0868,0.1375,0.0637,0.0963
SFAB20006U,0.1821,0.3085,0.109,0.0859,0.0896,0.0962,0.0578,0.0576,0.0758,0.0433,0.2375,0.1454,0.078,0.1465,0.0966,0.0521,0.0828,0.0679,0.1017,0.0867,0.051,0.058,0.0946,0.0754,0.0723,0.1823,0.3016,0.1288,1.0,0.3804,0.1156,0.1024,0.5302,0.0513,0.1411,0.3026,0.2148,0.0503,0.1123,0.0939,0.0641,0.0961,0.1815,0.0677,0.0706,0.1222
SFAB20023U,0.21,0.1992,0.1128,0.1067,0.1995,0.1322,0.0964,0.1157,0.0815,0.0433,0.3442,0.1588,0.086,0.0814,0.1234,0.0529,0.0946,0.0731,0.0856,0.113,0.0764,0.0568,0.0676,0.1254,0.1039,0.0864,0.29,0.1039,0.3804,1.0,0.2095,0.1915,0.2864,0.0886,0.129,0.5522,0.1439,0.0935,0.2048,0.1229,0.1103,0.1147,0.2042,0.1413,0.0557,0.1601
SFAB20025U,0.1229,0.1329,0.0817,0.2279,0.1327,0.1272,0.1517,0.0703,0.0707,0.0377,0.1236,0.1542,0.0876,0.032,0.1132,0.0612,0.2306,0.0775,0.0637,0.1153,0.0798,0.0575,0.0456,0.0839,0.0906,0.0769,0.242,0.1431,0.1156,0.2095,1.0,0.2179,0.1555,0.1119,0.12,0.1247,0.1099,0.2228,0.5226,0.1947,0.1157,0.1201,0.1423,0.1303,0.0839,0.1849
SFAB20027U,0.1466,0.137,0.0898,0.1379,0.1111,0.217,0.1125,0.0923,0.1341,0.1308,0.1315,0.0891,0.1492,0.05,0.1181,0.0961,0.1264,0.1676,0.0942,0.1374,0.1338,0.1114,0.0847,0.1245,0.1603,0.0934,0.1362,0.3554,0.1024,0.1915,0.2179,1.0,0.1526,0.1426,0.2116,0.1258,0.1641,0.1739,0.3284,0.1621,0.2573,0.1386,0.1286,0.2635,0.1159,0.1758
SFAB20029U,0.2491,0.3912,0.1827,0.1651,0.1195,0.1297,0.1015,0.0703,0.1281,0.0649,0.2448,0.185,0.1257,0.2001,0.1337,0.1046,0.1191,0.1225,0.1541,0.1675,0.0773,0.1046,0.1193,0.1398,0.1158,0.0787,0.2699,0.1194,0.5302,0.2864,0.1555,0.1526,1.0,0.0737,0.1266,0.2043,0.3127,0.0791,0.1498,0.1435,0.0983,0.1313,0.1706,0.0936,0.1125,0.1899
SFAB20012U,0.1269,0.1129,0.0891,0.1338,0.1185,0.0994,0.1128,0.0587,0.11,0.0406,0.1226,0.0802,0.1227,0.0477,0.0939,0.1046,0.1163,0.1315,0.0822,0.1435,0.3981,0.0955,0.0659,0.102,0.1158,0.0794,0.0987,0.0801,0.0513,0.0886,0.1119,0.1426,0.0737,1.0,0.0951,0.0553,0.1108,0.3547,0.0984,0.076,0.1537,0.0764,0.1044,0.1255,0.1374,0.1334
SFAB20013U,0.1133,0.1041,0.0634,0.1014,0.1115,0.0847,0.0598,0.0465,0.0782,0.0326,0.1056,0.0813,0.2009,0.023,0.0602,0.1636,0.094,0.0924,0.0777,0.0844,0.0993,0.1664,0.0734,0.0725,0.1707,0.1024,0.1525,0.246,0.1411,0.129,0.12,0.2116,0.1266,0.0951,1.0,0.137,0.1023,0.0807,0.1388,0.0923,0.281,0.1152,0.0799,0.3093,0.0988,0.1071
SFAB20017U,0.1281,0.1191,0.0757,0.0715,0.1329,0.0808,0.0629,0.0603,0.0763,0.0328,0.2265,0.1002,0.0537,0.0792,0.0807,0.04,0.0659,0.0458,0.0605,0.0827,0.0556,0.0331,0.0524,0.0805,0.0611,0.1098,0.2151,0.1378,0.3026,0.5522,0.1247,0.1258,0.2043,0.0553,0.137,1.0,0.096,0.0544,0.1492,0.0815,0.0778,0.0699,0.1664,0.083,0.0644,0.0976
SFAB20015U,0.1799,0.1863,0.132,0.1449,0.1352,0.1137,0.1104,0.066,0.1149,0.0913,0.183,0.1574,0.1147,0.1172,0.1161,0.0841,0.1265,0.0981,0.1194,0.1319,0.0941,0.0895,0.0942,0.1138,0.1013,0.0581,0.158,0.1209,0.2148,0.1439,0.1099,0.1641,0.3127,0.1108,0.1023,0.096,1.0,0.0849,0.1681,0.096,0.1069,0.2646,0.1183,0.0969,0.1112,0.1299
SFAB20033U,0.1018,0.0974,0.0652,0.1226,0.1178,0.0953,0.0582,0.0494,0.0591,0.0262,0.0737,0.0809,0.0786,0.028,0.0783,0.0586,0.1206,0.0837,0.0512,0.0799,0.2464,0.0557,0.0451,0.091,0.0953,0.0742,0.0948,0.0817,0.0503,0.0935,0.2228,0.1739,0.0791,0.3547,0.0807,0.0544,0.0849,1.0,0.177,0.0736,0.1246,0.0782,0.0859,0.1008,0.1144,0.1627
SFAB20035U,0.1132,0.12,0.0824,0.2063,0.1388,0.1245,0.0852,0.0627,0.0876,0.0402,0.1674,0.106,0.101,0.0356,0.0865,0.0557,0.2873,0.0962,0.0678,0.126,0.0926,0.0516,0.045,0.0806,0.0979,0.0895,0.1594,0.2009,0.1123,0.2048,0.5226,0.3284,0.1498,0.0984,0.1388,0.1492,0.1681,0.177,1.0,0.1685,0.1372,0.12,0.155,0.1568,0.0813,0.1903
SFAB20031U,0.0735,0.0766,0.0589,0.0744,0.0703,0.0632,0.0809,0.0355,0.0408,0.0253,0.0807,0.3087,0.0402,0.0161,0.2468,0.026,0.0695,0.0367,0.0267,0.2214,0.0489,0.0243,0.0299,0.136,0.0492,0.1771,0.1229,0.1452,0.0939,0.1229,0.1947,0.1621,0.1435,0.076,0.0923,0.0815,0.096,0.0736,0.1685,1.0,0.1154,0.0704,0.4592,0.1093,0.0747,0.2599
SFAB23001U,0.1367,0.1484,0.0657,0.1044,0.1222,0.1779,0.1034,0.0513,0.0858,0.0611,0.1079,0.0857,0.165,0.0387,0.1051,0.1742,0.0813,0.1278,0.1228,0.1118,0.123,0.1646,0.0854,0.1226,0.3014,0.1012,0.0865,0.1246,0.0641,0.1103,0.1157,0.2573,0.0983,0.1537,0.281,0.0778,0.1069,0.1246,0.1372,0.1154,1.0,0.1323,0.1158,0.841,0.3224,0.1113
SFAB20008U,0.1166,0.1095,0.085,0.1109,0.1147,0.1313,0.1019,0.0409,0.073,0.0378,0.0799,0.0882,0.0953,0.0597,0.0878,0.0768,0.1865,0.1018,0.2071,0.1027,0.0876,0.0643,0.0557,0.0825,0.1213,0.11,0.0907,0.0884,0.0961,0.1147,0.1201,0.1386,0.1313,0.0764,0.1152,0.0699,0.2646,0.0782,0.12,0.0704,0.1323,1.0,0.0865,0.1229,0.1143,0.0986
SFAB20010U,0.0821,0.0937,0.0909,0.0868,0.099,0.0746,0.1108,0.0442,0.0616,0.0396,0.1405,0.2094,0.0623,0.0259,0.32,0.0455,0.0924,0.0653,0.04,0.227,0.0853,0.0425,0.0415,0.1248,0.0683,0.1158,0.127,0.0868,0.1815,0.2042,0.1423,0.1286,0.1706,0.1044,0.0799,0.1664,0.1183,0.0859,0.155,0.4592,0.1158,0.0865,1.0,0.1105,0.0933,0.2398
SFABIL117U,0.128,0.1349,0.0623,0.1031,0.1394,0.1875,0.089,0.0485,0.0773,0.0582,0.0974,0.071,0.1759,0.0372,0.0922,0.1709,0.0839,0.119,0.1242,0.0973,0.0945,0.2358,0.0663,0.0935,0.3137,0.0971,0.079,0.1375,0.0677,0.1413,0.1303,0.2635,0.0936,0.1255,0.3093,0.083,0.0969,0.1008,0.1568,0.1093,0.841,0.1229,0.1105,1.0,0.2647,0.1027
SFAB20019U,0.1099,0.1022,0.0744,0.1173,0.0843,0.0694,0.0578,0.034,0.0703,0.0443,0.0724,0.0831,0.118,0.0208,0.084,0.1019,0.0921,0.0802,0.0624,0.0959,0.1156,0.1179,0.0429,0.0867,0.108,0.0693,0.0734,0.0637,0.0706,0.0557,0.0839,0.1159,0.1125,0.1374,0.0988,0.0644,0.1112,0.1144,0.0813,0.0747,0.3224,0.1143,0.0933,0.2647,1.0,0.124
,0.1497,0.1273,0.0991,0.1721,0.1264,0.1,0.116,0.0559,0.0797,0.0319,0.1482,0.1859,0.1128,0.0389,0.1871,0.0818,0.1642,0.12,0.0569,0.1859,0.1106,0.0801,0.0557,0.1505,0.0819,0.1661,0.1299,0.0963,0.1222,0.1601,0.1849,0.1758,0.1899,0.1334,0.1071,0.0976,0.1299,0.1627,0.1903,0.2599,0.1113,0.0986,0.2398,0.1027,0.124,1.0
