KU Course,SDU Course,Similarity Score
Videnskabsteori og samfundsfarmaci,Samfundsfarmaci,0.3981
Organisk kemi II – syntese af lægemiddelstoffer,Indledende organisk kemi,0.3912
Farmaceutisk fysisk kemi I,Farmaceutisk fysisk kemi,0.3442
Farmaci II – faste lægemiddelformer,Lægemiddelformulering og fremstilling B,0.32
Systemfarmakologi - signalvejenes farmakologi,"Fysiologi og farmakologi for farmaceuter - Modul 4: Hormoner, kirtler, knogler og nervesystem",0.3137
Farmaci I – flydende og halvfaste lægemiddelformer,Lægemiddelformulering og fremstilling A,0.3087
Organisk kemi I,Indledende organisk kemi,0.3085
Organfarmakologi,"Fysiologi og farmakologi for farmaceuter - Modul 4: Hormoner, kirtler, knogler og nervesystem",0.3014
Farmaceutisk analytisk kemi,Instrumentel farmaceutisk analyse,0.2873
Organisk kemi II – syntese af lægemiddelstoffer,Almen kemi,0.2491
Farmaci I – flydende og halvfaste lægemiddelformer,Lægemiddelformulering og fremstilling B,0.2468
Samfundsfarmaci – metode og formidling,Samfundsfarmaci,0.2464
Organisk kemi II – syntese af lægemiddelstoffer,Farmaceutisk fysisk kemi,0.2448
Organisk kemi I,Farmaceutisk fysisk kemi,0.2375
Systemfarmakologi - signalvejenes farmakologi,"Fysiologi og farmakologi for farmaceuter – modul 3: Respiration, mave-tarm-system og immunologi",0.2358
Kvalitetsvurdering af farmaceutiske råvarer,Instrumentel farmaceutisk analyse,0.2306
Kvalitetsvurdering af farmaceutiske råvarer,Farmaci grundkursus,0.2279
Farmaci II – faste lægemiddelformer,Lægemiddelformulering og fremstilling C,0.227
Farmaceutisk fysisk kemi II,Farmaceutisk fysisk kemi,0.2265
Farmaci I – flydende og halvfaste lægemiddelformer,Lægemiddelformulering og fremstilling C,0.2214
Farmaceutisk biologi,Farmaceutisk Biologi,0.217
Kemiske principper,Indledende organisk kemi,0.2137
Farmaceutisk fysisk kemi I,Almen kemi,0.21
Farmaci II – faste lægemiddelformer,Lægemiddelformulering og fremstilling A,0.2094
Lægemidler fra naturen,Naturstofkemi og farmakognosi,0.2071
Farmaceutisk analytisk kemi,Farmaci grundkursus,0.2063
Cellulær og molekylær biologi,Grundlæggende biokemi,0.2038
Basal farmakologi,Fysiologi og farmakologi for farmaceuter - Modul 1: molekyler og celler,0.2009
Organisk kemi II – syntese af lægemiddelstoffer,Organisk Kemi,0.2001
Farmaceutisk fysisk kemi I,Matematik og statistik for farmaci,0.1995
Farmaceutisk fysisk kemi I,Indledende organisk kemi,0.1992
Kemiske principper,Almen kemi,0.1935
Systemfarmakologi - signalvejenes farmakologi,Farmaceutisk Biologi,0.1875
Bachelorprojekt i farmaci,Lægemiddelformulering og fremstilling B,0.1871
Lægemidler fra naturen,Instrumentel farmaceutisk analyse,0.1865
Biopharmaceuticals – bioorganisk kemi,Indledende organisk kemi,0.1863
Bachelorprojekt i farmaci,Lægemiddelformulering og fremstilling C,0.1859
Bachelorprojekt i farmaci,Lægemiddelformulering og fremstilling A,0.1859
Organisk kemi II – syntese af lægemiddelstoffer,Lægemiddelformulering og fremstilling A,0.185
Biopharmaceuticals – bioorganisk kemi,Farmaceutisk fysisk kemi,0.183
Organisk kemi II – syntese af lægemiddelstoffer,Grundstoffernes Kemi,0.1827
Organisk kemi I,Almen kemi,0.1821
Biopharmaceuticals – bioorganisk kemi,Almen kemi,0.1799
Organfarmakologi,Farmaceutisk Biologi,0.1779
Cellulær og molekylær biologi,Fundamental Molekylær Biologi,0.1759
Systemfarmakologi - signalvejenes farmakologi,Fysiologi og farmakologi for farmaceuter - Modul 1: molekyler og celler,0.1759
Cellulær og molekylær biologi,Farmaceutisk Biologi,0.1749
Organfarmakologi,"Fysiologi og farmakologi for farmaceuter - Modul 2: hjerte, kar og nyrer",0.1742
Bachelorprojekt i farmaci,Farmaci grundkursus,0.1721
Systemfarmakologi - signalvejenes farmakologi,"Fysiologi og farmakologi for farmaceuter - Modul 2: hjerte, kar og nyrer",0.1709
Basal farmakologi,"Fysiologi og farmakologi for farmaceuter - Modul 4: Hormoner, kirtler, knogler og nervesystem",0.1707
Farmaceutisk biologi,Toksikologi,0.1676
Organisk kemi II – syntese af lægemiddelstoffer,Lægemiddelformulering og fremstilling C,0.1675
Farmaceutisk analytisk kemi,Farmaceutisk fysisk kemi,0.1674
Basal farmakologi,"Fysiologi og farmakologi for farmaceuter – modul 3: Respiration, mave-tarm-system og immunologi",0.1664
Cellulær og molekylær biologi,Fysiologi og farmakologi for farmaceuter - Modul 1: molekyler og celler,0.1654
Organisk kemi II – syntese af lægemiddelstoffer,Farmaci grundkursus,0.1651
Organfarmakologi,Fysiologi og farmakologi for farmaceuter - Modul 1: molekyler og celler,0.165
Organfarmakologi,"Fysiologi og farmakologi for farmaceuter – modul 3: Respiration, mave-tarm-system og immunologi",0.1646
Bachelorprojekt i farmaci,Instrumentel farmaceutisk analyse,0.1642
Kemiske principper,Lægemiddelformulering og fremstilling A,0.1637
Basal farmakologi,"Fysiologi og farmakologi for farmaceuter - Modul 2: hjerte, kar og nyrer",0.1636
Kemiske principper,Farmaceutisk fysisk kemi,0.1628
Farmaceutisk biologi,"Fysiologi og farmakologi for farmaceuter - Modul 4: Hormoner, kirtler, knogler og nervesystem",0.1603
Farmaceutisk fysisk kemi I,Lægemiddelformulering og fremstilling A,0.1588
Biopharmaceuticals – bioorganisk kemi,Lægemiddelformulering og fremstilling A,0.1574
Kvalitetsvurdering af farmaceutiske råvarer,Lægemiddelformulering og fremstilling A,0.1542
Organisk kemi II – syntese af lægemiddelstoffer,Naturstofkemi og farmakognosi,0.1541
Kvalitetsvurdering af farmaceutiske råvarer,Farmaceutisk Mikrobiologi,0.1517
Bachelorprojekt i farmaci,Lægemiddelformulering og fremstilling D,0.1505
Bachelorprojekt i farmaci,Almen kemi,0.1497
Farmaceutisk biologi,Fysiologi og farmakologi for farmaceuter - Modul 1: molekyler og celler,0.1492
Organfarmakologi,Indledende organisk kemi,0.1484
Bachelorprojekt i farmaci,Farmaceutisk fysisk kemi,0.1482
Cellulær og molekylær biologi,"Fysiologi og farmakologi for farmaceuter – modul 3: Respiration, mave-tarm-system og immunologi",0.1468
Farmaceutisk biologi,Almen kemi,0.1466
Organisk kemi I,Organisk Kemi,0.1465
Organisk kemi I,Lægemiddelformulering og fremstilling A,0.1454
Biopharmaceuticals – bioorganisk kemi,Farmaci grundkursus,0.1449
Kemiske principper,Farmaci grundkursus,0.1447
Videnskabsteori og samfundsfarmaci,Lægemiddelformulering og fremstilling C,0.1435
Kemiske principper,Grundstoffernes Kemi,0.1421
Farmaci II – faste lægemiddelformer,Farmaceutisk fysisk kemi,0.1405
Organisk kemi II – syntese af lægemiddelstoffer,Lægemiddelformulering og fremstilling D,0.1398
Systemfarmakologi - signalvejenes farmakologi,Matematik og statistik for farmaci,0.1394
Farmaceutisk analytisk kemi,Matematik og statistik for farmaci,0.1388
Farmaceutisk biologi,Farmaci grundkursus,0.1379
Farmaceutisk biologi,Lægemiddelformulering og fremstilling C,0.1374
Farmaceutisk biologi,Indledende organisk kemi,0.137
Organfarmakologi,Almen kemi,0.1367
Farmaci I – flydende og halvfaste lægemiddelformer,Lægemiddelformulering og fremstilling D,0.136
Biopharmaceuticals – bioorganisk kemi,Matematik og statistik for farmaci,0.1352
Systemfarmakologi - signalvejenes farmakologi,Indledende organisk kemi,0.1349
Farmaceutisk biologi,Grundlæggende biokemi,0.1341
Kemiske principper,Lægemiddelformulering og fremstilling C,0.1341
Lægemiddeludvikling fra molekyle til menneske,Lægemiddelformulering og fremstilling C,0.134
Videnskabsteori og samfundsfarmaci,Farmaci grundkursus,0.1338
Farmaceutisk biologi,Samfundsfarmaci,0.1338
Organisk kemi II – syntese af lægemiddelstoffer,Lægemiddelformulering og fremstilling B,0.1337
Cellulær og molekylær biologi,Farmaceutisk Mikrobiologi,0.133
Farmaceutisk fysisk kemi II,Matematik og statistik for farmaci,0.1329
Kvalitetsvurdering af farmaceutiske råvarer,Indledende organisk kemi,0.1329
Kvalitetsvurdering af farmaceutiske råvarer,Matematik og statistik for farmaci,0.1327
Farmaceutisk fysisk kemi I,Farmaceutisk Biologi,0.1322
Biopharmaceuticals – bioorganisk kemi,Grundstoffernes Kemi,0.132
Biopharmaceuticals – bioorganisk kemi,Lægemiddelformulering og fremstilling C,0.1319
Farmaceutisk biologi,Farmaceutisk fysisk kemi,0.1315
Videnskabsteori og samfundsfarmaci,Toksikologi,0.1315
Lægemidler fra naturen,Farmaceutisk Biologi,0.1313
Farmaceutisk biologi,Fundamental Molekylær Biologi,0.1308
Organisk kemi II – syntese af lægemiddelstoffer,Farmaceutisk Biologi,0.1297
Cellulær og molekylær biologi,Farmaci grundkursus,0.1282
Cellulær og molekylær biologi,Indledende organisk kemi,0.1281
Organisk kemi II – syntese af lægemiddelstoffer,Grundlæggende biokemi,0.1281
Farmaceutisk fysisk kemi II,Almen kemi,0.1281
Systemfarmakologi - signalvejenes farmakologi,Almen kemi,0.128
Organfarmakologi,Toksikologi,0.1278
Bachelorprojekt i farmaci,Indledende organisk kemi,0.1273
Kvalitetsvurdering af farmaceutiske råvarer,Farmaceutisk Biologi,0.1272
Kemiske principper,Lægemiddelformulering og fremstilling B,0.127
Videnskabsteori og samfundsfarmaci,Almen kemi,0.1269
Kemiske principper,Fysiologi og farmakologi for farmaceuter - Modul 1: molekyler og celler,0.1266
Biopharmaceuticals – bioorganisk kemi,Instrumentel farmaceutisk analyse,0.1265
Cellulær og molekylær biologi,Almen kemi,0.1264
Bachelorprojekt i farmaci,Matematik og statistik for farmaci,0.1264
Farmaceutisk biologi,Instrumentel farmaceutisk analyse,0.1264
Farmaceutisk analytisk kemi,Lægemiddelformulering og fremstilling C,0.126
Organisk kemi II – syntese af lægemiddelstoffer,Fysiologi og farmakologi for farmaceuter - Modul 1: molekyler og celler,0.1257
Cellulær og molekylær biologi,Fysik for Biologi og Farmaci,0.1255
Farmaceutisk fysisk kemi I,Lægemiddelformulering og fremstilling D,0.1254
Farmaci II – faste lægemiddelformer,Lægemiddelformulering og fremstilling D,0.1248
Farmaceutisk analytisk kemi,Farmaceutisk Biologi,0.1245
Farmaceutisk biologi,Lægemiddelformulering og fremstilling D,0.1245
Systemfarmakologi - signalvejenes farmakologi,Naturstofkemi og farmakognosi,0.1242
Kvalitetsvurdering af farmaceutiske råvarer,Farmaceutisk fysisk kemi,0.1236
Farmaceutisk fysisk kemi I,Lægemiddelformulering og fremstilling B,0.1234
Cellulær og molekylær biologi,"Fysiologi og farmakologi for farmaceuter - Modul 2: hjerte, kar og nyrer",0.1232
Organfarmakologi,Samfundsfarmaci,0.123
Kvalitetsvurdering af farmaceutiske råvarer,Almen kemi,0.1229
Organfarmakologi,Naturstofkemi og farmakognosi,0.1228
Videnskabsteori og samfundsfarmaci,Fysiologi og farmakologi for farmaceuter - Modul 1: molekyler og celler,0.1227
Videnskabsteori og samfundsfarmaci,Farmaceutisk fysisk kemi,0.1226
Organfarmakologi,Lægemiddelformulering og fremstilling D,0.1226
Samfundsfarmaci – metode og formidling,Farmaci grundkursus,0.1226
Organisk kemi II – syntese af lægemiddelstoffer,Toksikologi,0.1225
Organfarmakologi,Matematik og statistik for farmaci,0.1222
Lægemidler fra naturen,"Fysiologi og farmakologi for farmaceuter - Modul 4: Hormoner, kirtler, knogler og nervesystem",0.1213
Samfundsfarmaci – metode og formidling,Instrumentel farmaceutisk analyse,0.1206
Farmaceutisk analytisk kemi,Indledende organisk kemi,0.12
Bachelorprojekt i farmaci,Toksikologi,0.12
Organisk kemi II – syntese af lægemiddelstoffer,Matematik og statistik for farmaci,0.1195
Biopharmaceuticals – bioorganisk kemi,Naturstofkemi og farmakognosi,0.1194
Organisk kemi II – syntese af lægemiddelstoffer,Medicinalkemi A,0.1193
Farmaceutisk fysisk kemi II,Indledende organisk kemi,0.1191
Organisk kemi II – syntese af lægemiddelstoffer,Instrumentel farmaceutisk analyse,0.1191
Systemfarmakologi - signalvejenes farmakologi,Toksikologi,0.119
Videnskabsteori og samfundsfarmaci,Matematik og statistik for farmaci,0.1185
Farmaceutisk biologi,Lægemiddelformulering og fremstilling B,0.1181
Farmakoterapi,Fysiologi og farmakologi for farmaceuter - Modul 1: molekyler og celler,0.118
Farmakoterapi,"Fysiologi og farmakologi for farmaceuter – modul 3: Respiration, mave-tarm-system og immunologi",0.1179
Samfundsfarmaci – metode og formidling,Matematik og statistik for farmaci,0.1178
Farmakoterapi,Farmaci grundkursus,0.1173
Biopharmaceuticals – bioorganisk kemi,Organisk Kemi,0.1172
Lægemidler fra naturen,Almen kemi,0.1166
Videnskabsteori og samfundsfarmaci,Instrumentel farmaceutisk analyse,0.1163
Biopharmaceuticals – bioorganisk kemi,Lægemiddelformulering og fremstilling B,0.1161
Bachelorprojekt i farmaci,Farmaceutisk Mikrobiologi,0.116
Videnskabsteori og samfundsfarmaci,"Fysiologi og farmakologi for farmaceuter - Modul 4: Hormoner, kirtler, knogler og nervesystem",0.1158
Organisk kemi II – syntese af lægemiddelstoffer,"Fysiologi og farmakologi for farmaceuter - Modul 4: Hormoner, kirtler, knogler og nervesystem",0.1158
Farmaceutisk fysisk kemi I,Fysik for Biologi og Farmaci,0.1157
Farmakoterapi,Samfundsfarmaci,0.1156
Cellulær og molekylær biologi,Farmaceutisk fysisk kemi,0.1154
Kvalitetsvurdering af farmaceutiske råvarer,Lægemiddelformulering og fremstilling C,0.1153
Biopharmaceuticals – bioorganisk kemi,Grundlæggende biokemi,0.1149
Lægemidler fra naturen,Matematik og statistik for farmaci,0.1147
Biopharmaceuticals – bioorganisk kemi,Fysiologi og farmakologi for farmaceuter - Modul 1: molekyler og celler,0.1147
Lægemiddeludvikling fra molekyle til menneske,Farmaceutisk Biologi,0.1145
Biopharmaceuticals – bioorganisk kemi,Lægemiddelformulering og fremstilling D,0.1138
Biopharmaceuticals – bioorganisk kemi,Farmaceutisk Biologi,0.1137
Basal farmakologi,Almen kemi,0.1133
Kvalitetsvurdering af farmaceutiske råvarer,Lægemiddelformulering og fremstilling B,0.1132
Farmaceutisk analytisk kemi,Almen kemi,0.1132
Farmaceutisk fysisk kemi I,Lægemiddelformulering og fremstilling C,0.113
Videnskabsteori og samfundsfarmaci,Indledende organisk kemi,0.1129
Bachelorprojekt i farmaci,Fysiologi og farmakologi for farmaceuter - Modul 1: molekyler og celler,0.1128
Farmaceutisk fysisk kemi I,Grundstoffernes Kemi,0.1128
Videnskabsteori og samfundsfarmaci,Farmaceutisk Mikrobiologi,0.1128
Farmaceutisk biologi,Farmaceutisk Mikrobiologi,0.1125
Cellulær og molekylær biologi,Lægemiddelformulering og fremstilling C,0.1124
Organfarmakologi,Lægemiddelformulering og fremstilling C,0.1118
Basal farmakologi,Matematik og statistik for farmaci,0.1115
Farmaceutisk biologi,"Fysiologi og farmakologi for farmaceuter – modul 3: Respiration, mave-tarm-system og immunologi",0.1114
Farmaceutisk biologi,Matematik og statistik for farmaci,0.1111
Lægemiddeludvikling fra molekyle til menneske,Lægemiddelformulering og fremstilling B,0.111
Lægemidler fra naturen,Farmaci grundkursus,0.1109
Farmaci II – faste lægemiddelformer,Farmaceutisk Mikrobiologi,0.1108
Bachelorprojekt i farmaci,Samfundsfarmaci,0.1106
Biopharmaceuticals – bioorganisk kemi,Farmaceutisk Mikrobiologi,0.1104
Videnskabsteori og samfundsfarmaci,Grundlæggende biokemi,0.11
Cellulær og molekylær biologi,Matematik og statistik for farmaci,0.1099
Farmakoterapi,Almen kemi,0.1099
Lægemidler fra naturen,Indledende organisk kemi,0.1095
Organisk kemi I,Grundstoffernes Kemi,0.109
Farmakoterapi,"Fysiologi og farmakologi for farmaceuter - Modul 4: Hormoner, kirtler, knogler og nervesystem",0.108
Organfarmakologi,Farmaceutisk fysisk kemi,0.1079
Farmaceutisk fysisk kemi I,Farmaci grundkursus,0.1067
Farmaceutisk analytisk kemi,Lægemiddelformulering og fremstilling A,0.106
Basal farmakologi,Farmaceutisk fysisk kemi,0.1056
Organfarmakologi,Lægemiddelformulering og fremstilling B,0.1051
Videnskabsteori og samfundsfarmaci,"Fysiologi og farmakologi for farmaceuter - Modul 2: hjerte, kar og nyrer",0.1046
Organisk kemi II – syntese af lægemiddelstoffer,"Fysiologi og farmakologi for farmaceuter – modul 3: Respiration, mave-tarm-system og immunologi",0.1046
Organisk kemi II – syntese af lægemiddelstoffer,"Fysiologi og farmakologi for farmaceuter - Modul 2: hjerte, kar og nyrer",0.1046
Organfarmakologi,Farmaci grundkursus,0.1044
Basal farmakologi,Indledende organisk kemi,0.1041
Farmaceutisk fysisk kemi I,"Fysiologi og farmakologi for farmaceuter - Modul 4: Hormoner, kirtler, knogler og nervesystem",0.1039
Kemiske principper,Farmaceutisk Mikrobiologi,0.1037
Cellulær og molekylær biologi,Grundstoffernes Kemi,0.1037
Organfarmakologi,Farmaceutisk Mikrobiologi,0.1034
Systemfarmakologi - signalvejenes farmakologi,Farmaci grundkursus,0.1031
Lægemidler fra naturen,Lægemiddelformulering og fremstilling C,0.1027
Cellulær og molekylær biologi,Toksikologi,0.1027
Kemiske principper,Grundlæggende biokemi,0.1024
Cellulær og molekylær biologi,"Fysiologi og farmakologi for farmaceuter - Modul 4: Hormoner, kirtler, knogler og nervesystem",0.1022
Farmakoterapi,Indledende organisk kemi,0.1022
Videnskabsteori og samfundsfarmaci,Lægemiddelformulering og fremstilling D,0.102
Lægemidler fra naturen,Farmaceutisk Mikrobiologi,0.1019
Farmakoterapi,"Fysiologi og farmakologi for farmaceuter - Modul 2: hjerte, kar og nyrer",0.1019
Samfundsfarmaci – metode og formidling,Almen kemi,0.1018
Lægemidler fra naturen,Toksikologi,0.1018
Organisk kemi I,Naturstofkemi og farmakognosi,0.1017
Organisk kemi II – syntese af lægemiddelstoffer,Farmaceutisk Mikrobiologi,0.1015
Basal farmakologi,Farmaci grundkursus,0.1014
Biopharmaceuticals – bioorganisk kemi,"Fysiologi og farmakologi for farmaceuter - Modul 4: Hormoner, kirtler, knogler og nervesystem",0.1013
Farmaceutisk analytisk kemi,Fysiologi og farmakologi for farmaceuter - Modul 1: molekyler og celler,0.101
Farmaceutisk fysisk kemi II,Lægemiddelformulering og fremstilling A,0.1002
Bachelorprojekt i farmaci,Farmaceutisk Biologi,0.1
Videnskabsteori og samfundsfarmaci,Farmaceutisk Biologi,0.0994
Basal farmakologi,Samfundsfarmaci,0.0993
Bachelorprojekt i farmaci,Grundstoffernes Kemi,0.0991
Farmaci II – faste lægemiddelformer,Matematik og statistik for farmaci,0.099
Kemiske principper,"Fysiologi og farmakologi for farmaceuter – modul 3: Respiration, mave-tarm-system og immunologi",0.0982
Biopharmaceuticals – bioorganisk kemi,Toksikologi,0.0981
Farmaceutisk analytisk kemi,"Fysiologi og farmakologi for farmaceuter - Modul 4: Hormoner, kirtler, knogler og nervesystem",0.0979
Samfundsfarmaci – metode og formidling,Indledende organisk kemi,0.0974
Systemfarmakologi - signalvejenes farmakologi,Farmaceutisk fysisk kemi,0.0974
Systemfarmakologi - signalvejenes farmakologi,Lægemiddelformulering og fremstilling C,0.0973
Cellulær og molekylær biologi,Naturstofkemi og farmakognosi,0.0972
Organisk kemi I,Lægemiddelformulering og fremstilling B,0.0966
Farmaceutisk fysisk kemi I,Farmaceutisk Mikrobiologi,0.0964
Organisk kemi I,Farmaceutisk Biologi,0.0962
Farmaceutisk analytisk kemi,Toksikologi,0.0962
Farmaceutisk biologi,"Fysiologi og farmakologi for farmaceuter - Modul 2: hjerte, kar og nyrer",0.0961
Farmakoterapi,Lægemiddelformulering og fremstilling C,0.0959
Kemiske principper,Farmaceutisk Biologi,0.0957
Videnskabsteori og samfundsfarmaci,"Fysiologi og farmakologi for farmaceuter – modul 3: Respiration, mave-tarm-system og immunologi",0.0955
Kemiske principper,Naturstofkemi og farmakognosi,0.0954
Samfundsfarmaci – metode og formidling,"Fysiologi og farmakologi for farmaceuter - Modul 4: Hormoner, kirtler, knogler og nervesystem",0.0953
Lægemidler fra naturen,Fysiologi og farmakologi for farmaceuter - Modul 1: molekyler og celler,0.0953
Samfundsfarmaci – metode og formidling,Farmaceutisk Biologi,0.0953
Lægemiddeludvikling fra molekyle til menneske,Lægemiddelformulering og fremstilling A,0.0951
Farmaceutisk fysisk kemi I,Instrumentel farmaceutisk analyse,0.0946
Organisk kemi I,Medicinalkemi A,0.0946
Systemfarmakologi - signalvejenes farmakologi,Samfundsfarmaci,0.0945
Farmaceutisk biologi,Naturstofkemi og farmakognosi,0.0942
Biopharmaceuticals – bioorganisk kemi,Medicinalkemi A,0.0942
Biopharmaceuticals – bioorganisk kemi,Samfundsfarmaci,0.0941
Basal farmakologi,Instrumentel farmaceutisk analyse,0.094
Videnskabsteori og samfundsfarmaci,Lægemiddelformulering og fremstilling B,0.0939
Farmaci II – faste lægemiddelformer,Indledende organisk kemi,0.0937
Systemfarmakologi - signalvejenes farmakologi,Lægemiddelformulering og fremstilling D,0.0935
Kemiske principper,"Fysiologi og farmakologi for farmaceuter - Modul 4: Hormoner, kirtler, knogler og nervesystem",0.0931
Farmaceutisk analytisk kemi,Samfundsfarmaci,0.0926
Basal farmakologi,Toksikologi,0.0924
Farmaci II – faste lægemiddelformer,Instrumentel farmaceutisk analyse,0.0924
Farmaceutisk biologi,Fysik for Biologi og Farmaci,0.0923
Systemfarmakologi - signalvejenes farmakologi,Lægemiddelformulering og fremstilling B,0.0922
Farmakoterapi,Instrumentel farmaceutisk analyse,0.0921
Biopharmaceuticals – bioorganisk kemi,Fundamental Molekylær Biologi,0.0913
Samfundsfarmaci – metode og formidling,Lægemiddelformulering og fremstilling D,0.091
Farmaci II – faste lægemiddelformer,Grundstoffernes Kemi,0.0909
Kvalitetsvurdering af farmaceutiske råvarer,"Fysiologi og farmakologi for farmaceuter - Modul 4: Hormoner, kirtler, knogler og nervesystem",0.0906
Farmaceutisk biologi,Grundstoffernes Kemi,0.0898
Organisk kemi I,Matematik og statistik for farmaci,0.0896
Biopharmaceuticals – bioorganisk kemi,"Fysiologi og farmakologi for farmaceuter – modul 3: Respiration, mave-tarm-system og immunologi",0.0895
Cellulær og molekylær biologi,Instrumentel farmaceutisk analyse,0.0894
Farmaceutisk biologi,Lægemiddelformulering og fremstilling A,0.0891
Videnskabsteori og samfundsfarmaci,Grundstoffernes Kemi,0.0891
Systemfarmakologi - signalvejenes farmakologi,Farmaceutisk Mikrobiologi,0.089
Lægemidler fra naturen,Lægemiddelformulering og fremstilling A,0.0882
Lægemidler fra naturen,Lægemiddelformulering og fremstilling B,0.0878
Lægemidler fra naturen,Samfundsfarmaci,0.0876
Farmaceutisk analytisk kemi,Grundlæggende biokemi,0.0876
Kvalitetsvurdering af farmaceutiske råvarer,Fysiologi og farmakologi for farmaceuter - Modul 1: molekyler og celler,0.0876
Cellulær og molekylær biologi,Lægemiddelformulering og fremstilling A,0.0868
Farmaci II – faste lægemiddelformer,Farmaci grundkursus,0.0868
Farmakoterapi,Lægemiddelformulering og fremstilling D,0.0867
Organisk kemi I,Lægemiddelformulering og fremstilling C,0.0867
Farmaceutisk analytisk kemi,Lægemiddelformulering og fremstilling B,0.0865
Lægemiddeludvikling fra molekyle til menneske,Samfundsfarmaci,0.0862
Farmaceutisk fysisk kemi I,Fysiologi og farmakologi for farmaceuter - Modul 1: molekyler og celler,0.086
Organisk kemi I,Farmaci grundkursus,0.0859
Organfarmakologi,Grundlæggende biokemi,0.0858
Organfarmakologi,Lægemiddelformulering og fremstilling A,0.0857
Farmaceutisk fysisk kemi I,Naturstofkemi og farmakognosi,0.0856
Organfarmakologi,Medicinalkemi A,0.0854
Farmaci II – faste lægemiddelformer,Samfundsfarmaci,0.0853
Kemiske principper,"Fysiologi og farmakologi for farmaceuter - Modul 2: hjerte, kar og nyrer",0.0852
Farmaceutisk analytisk kemi,Farmaceutisk Mikrobiologi,0.0852
Lægemidler fra naturen,Grundstoffernes Kemi,0.085
Kemiske principper,Instrumentel farmaceutisk analyse,0.0849
Basal farmakologi,Farmaceutisk Biologi,0.0847
Farmaceutisk biologi,Medicinalkemi A,0.0847
Basal farmakologi,Lægemiddelformulering og fremstilling C,0.0844
Farmakoterapi,Matematik og statistik for farmaci,0.0843
Biopharmaceuticals – bioorganisk kemi,"Fysiologi og farmakologi for farmaceuter - Modul 2: hjerte, kar og nyrer",0.0841
Farmakoterapi,Lægemiddelformulering og fremstilling B,0.084
Systemfarmakologi - signalvejenes farmakologi,Instrumentel farmaceutisk analyse,0.0839
Kvalitetsvurdering af farmaceutiske råvarer,Lægemiddelformulering og fremstilling D,0.0839
Samfundsfarmaci – metode og formidling,Toksikologi,0.0837
Farmakoterapi,Lægemiddelformulering og fremstilling A,0.0831
Organisk kemi I,Instrumentel farmaceutisk analyse,0.0828
Farmaceutisk fysisk kemi II,Lægemiddelformulering og fremstilling C,0.0827
Lægemidler fra naturen,Lægemiddelformulering og fremstilling D,0.0825
Farmaceutisk analytisk kemi,Grundstoffernes Kemi,0.0824
Videnskabsteori og samfundsfarmaci,Naturstofkemi og farmakognosi,0.0822
Farmaci II – faste lægemiddelformer,Almen kemi,0.0821
Cellulær og molekylær biologi,Samfundsfarmaci,0.082
Bachelorprojekt i farmaci,"Fysiologi og farmakologi for farmaceuter - Modul 4: Hormoner, kirtler, knogler og nervesystem",0.0819
Bachelorprojekt i farmaci,"Fysiologi og farmakologi for farmaceuter - Modul 2: hjerte, kar og nyrer",0.0818
Kvalitetsvurdering af farmaceutiske råvarer,Grundstoffernes Kemi,0.0817
Farmaceutisk fysisk kemi I,Grundlæggende biokemi,0.0815
Farmaceutisk fysisk kemi I,Organisk Kemi,0.0814
Basal farmakologi,Lægemiddelformulering og fremstilling A,0.0813
Organfarmakologi,Instrumentel farmaceutisk analyse,0.0813
Kemiske principper,Matematik og statistik for farmaci,0.0811
Cellulær og molekylær biologi,Lægemiddelformulering og fremstilling B,0.081
Samfundsfarmaci – metode og formidling,Lægemiddelformulering og fremstilling A,0.0809
Farmaci I – flydende og halvfaste lægemiddelformer,Farmaceutisk Mikrobiologi,0.0809
Farmaceutisk fysisk kemi II,Farmaceutisk Biologi,0.0808
Farmaceutisk fysisk kemi II,Lægemiddelformulering og fremstilling B,0.0807
Farmaci I – flydende og halvfaste lægemiddelformer,Farmaceutisk fysisk kemi,0.0807
Farmaceutisk analytisk kemi,Lægemiddelformulering og fremstilling D,0.0806
Kemiske principper,Toksikologi,0.0805
Cellulær og molekylær biologi,Lægemiddelformulering og fremstilling D,0.0805
Farmaceutisk fysisk kemi II,Lægemiddelformulering og fremstilling D,0.0805
Farmakoterapi,Toksikologi,0.0802
Videnskabsteori og samfundsfarmaci,Lægemiddelformulering og fremstilling A,0.0802
Bachelorprojekt i farmaci,"Fysiologi og farmakologi for farmaceuter – modul 3: Respiration, mave-tarm-system og immunologi",0.0801
Samfundsfarmaci – metode og formidling,Lægemiddelformulering og fremstilling C,0.0799
Lægemidler fra naturen,Farmaceutisk fysisk kemi,0.0799
Kvalitetsvurdering af farmaceutiske råvarer,Samfundsfarmaci,0.0798
Bachelorprojekt i farmaci,Grundlæggende biokemi,0.0797
Lægemiddeludvikling fra molekyle til menneske,Lægemiddelformulering og fremstilling D,0.0793
Farmaceutisk fysisk kemi II,Organisk Kemi,0.0792
Samfundsfarmaci – metode og formidling,Fysiologi og farmakologi for farmaceuter - Modul 1: molekyler og celler,0.0786
Samfundsfarmaci – metode og formidling,Lægemiddelformulering og fremstilling B,0.0783
Basal farmakologi,Grundlæggende biokemi,0.0782
Organisk kemi I,Fysiologi og farmakologi for farmaceuter - Modul 1: molekyler og celler,0.078
Lægemiddeludvikling fra molekyle til menneske,Farmaci grundkursus,0.0778
Basal farmakologi,Naturstofkemi og farmakognosi,0.0777
Cellulær og molekylær biologi,Medicinalkemi A,0.0776
Kvalitetsvurdering af farmaceutiske råvarer,Toksikologi,0.0775
Organisk kemi II – syntese af lægemiddelstoffer,Samfundsfarmaci,0.0773
Systemfarmakologi - signalvejenes farmakologi,Grundlæggende biokemi,0.0773
Lægemidler fra naturen,"Fysiologi og farmakologi for farmaceuter - Modul 2: hjerte, kar og nyrer",0.0768
Farmaci I – flydende og halvfaste lægemiddelformer,Indledende organisk kemi,0.0766
Farmaceutisk fysisk kemi I,Samfundsfarmaci,0.0764
Farmaceutisk fysisk kemi II,Grundlæggende biokemi,0.0763
Organisk kemi I,Grundlæggende biokemi,0.0758
Farmaceutisk fysisk kemi II,Grundstoffernes Kemi,0.0757
Organisk kemi I,Lægemiddelformulering og fremstilling D,0.0754
Farmaci II – faste lægemiddelformer,Farmaceutisk Biologi,0.0746
Farmakoterapi,Grundstoffernes Kemi,0.0744
Farmaci I – flydende og halvfaste lægemiddelformer,Farmaci grundkursus,0.0744
Kemiske principper,Lægemiddelformulering og fremstilling D,0.0744
Samfundsfarmaci – metode og formidling,Farmaceutisk fysisk kemi,0.0737
Farmaci I – flydende og halvfaste lægemiddelformer,Almen kemi,0.0735
Basal farmakologi,Medicinalkemi A,0.0734
Farmaceutisk fysisk kemi I,Toksikologi,0.0731
Lægemidler fra naturen,Grundlæggende biokemi,0.073
Basal farmakologi,Lægemiddelformulering og fremstilling D,0.0725
Farmakoterapi,Farmaceutisk fysisk kemi,0.0724
Organisk kemi I,"Fysiologi og farmakologi for farmaceuter - Modul 4: Hormoner, kirtler, knogler og nervesystem",0.0723
Kemiske principper,Organisk Kemi,0.0719
Farmaceutisk fysisk kemi II,Farmaci grundkursus,0.0715
Systemfarmakologi - signalvejenes farmakologi,Lægemiddelformulering og fremstilling A,0.071
Kemiske principper,Samfundsfarmaci,0.071
Kvalitetsvurdering af farmaceutiske råvarer,Grundlæggende biokemi,0.0707
Kvalitetsvurdering af farmaceutiske råvarer,Fysik for Biologi og Farmaci,0.0703
Organisk kemi II – syntese af lægemiddelstoffer,Fysik for Biologi og Farmaci,0.0703
Farmaci I – flydende og halvfaste lægemiddelformer,Matematik og statistik for farmaci,0.0703
Farmakoterapi,Grundlæggende biokemi,0.0703
Farmaci I – flydende og halvfaste lægemiddelformer,Instrumentel farmaceutisk analyse,0.0695
Farmakoterapi,Farmaceutisk Biologi,0.0694
Farmaci II – faste lægemiddelformer,"Fysiologi og farmakologi for farmaceuter - Modul 4: Hormoner, kirtler, knogler og nervesystem",0.0683
Organisk kemi I,Toksikologi,0.0679
Farmaceutisk analytisk kemi,Naturstofkemi og farmakognosi,0.0678
Farmaceutisk fysisk kemi I,Medicinalkemi A,0.0676
Lægemiddeludvikling fra molekyle til menneske,Almen kemi,0.0674
Systemfarmakologi - signalvejenes farmakologi,Medicinalkemi A,0.0663
Biopharmaceuticals – bioorganisk kemi,Fysik for Biologi og Farmaci,0.066
Videnskabsteori og samfundsfarmaci,Medicinalkemi A,0.0659
Farmaceutisk fysisk kemi II,Instrumentel farmaceutisk analyse,0.0659
Organfarmakologi,Grundstoffernes Kemi,0.0657
Farmaci II – faste lægemiddelformer,Toksikologi,0.0653
Samfundsfarmaci – metode og formidling,Grundstoffernes Kemi,0.0652
Organisk kemi II – syntese af lægemiddelstoffer,Fundamental Molekylær Biologi,0.0649
Lægemiddeludvikling fra molekyle til menneske,Farmaceutisk fysisk kemi,0.0647
Lægemidler fra naturen,"Fysiologi og farmakologi for farmaceuter – modul 3: Respiration, mave-tarm-system og immunologi",0.0643
Kvalitetsvurdering af farmaceutiske råvarer,Naturstofkemi og farmakognosi,0.0637
Basal farmakologi,Grundstoffernes Kemi,0.0634
Farmaci I – flydende og halvfaste lægemiddelformer,Farmaceutisk Biologi,0.0632
Lægemiddeludvikling fra molekyle til menneske,Indledende organisk kemi,0.0631
Kemiske principper,Fysik for Biologi og Farmaci,0.0631
Kemiske principper,Medicinalkemi A,0.063
Farmaceutisk fysisk kemi II,Farmaceutisk Mikrobiologi,0.0629
Farmaceutisk analytisk kemi,Fysik for Biologi og Farmaci,0.0627
Farmakoterapi,Naturstofkemi og farmakognosi,0.0624
Farmaci II – faste lægemiddelformer,Fysiologi og farmakologi for farmaceuter - Modul 1: molekyler og celler,0.0623
Systemfarmakologi - signalvejenes farmakologi,Grundstoffernes Kemi,0.0623
Farmaci II – faste lægemiddelformer,Grundlæggende biokemi,0.0616
Kvalitetsvurdering af farmaceutiske råvarer,"Fysiologi og farmakologi for farmaceuter - Modul 2: hjerte, kar og nyrer",0.0612
Organfarmakologi,Fundamental Molekylær Biologi,0.0611
Farmaceutisk fysisk kemi II,"Fysiologi og farmakologi for farmaceuter - Modul 4: Hormoner, kirtler, knogler og nervesystem",0.0611
Farmaceutisk fysisk kemi II,Naturstofkemi og farmakognosi,0.0605
Farmaceutisk fysisk kemi II,Fysik for Biologi og Farmaci,0.0603
Basal farmakologi,Lægemiddelformulering og fremstilling B,0.0602
Basal farmakologi,Farmaceutisk Mikrobiologi,0.0598
Lægemidler fra naturen,Organisk Kemi,0.0597
Lægemiddeludvikling fra molekyle til menneske,Farmaceutisk Mikrobiologi,0.0595
Samfundsfarmaci – metode og formidling,Grundlæggende biokemi,0.0591
Farmaci I – flydende og halvfaste lægemiddelformer,Grundstoffernes Kemi,0.0589
Videnskabsteori og samfundsfarmaci,Fysik for Biologi og Farmaci,0.0587
Samfundsfarmaci – metode og formidling,"Fysiologi og farmakologi for farmaceuter - Modul 2: hjerte, kar og nyrer",0.0586
Lægemiddeludvikling fra molekyle til menneske,Naturstofkemi og farmakognosi,0.0585
Samfundsfarmaci – metode og formidling,Farmaceutisk Mikrobiologi,0.0582
Systemfarmakologi - signalvejenes farmakologi,Fundamental Molekylær Biologi,0.0582
Organisk kemi I,"Fysiologi og farmakologi for farmaceuter – modul 3: Respiration, mave-tarm-system og immunologi",0.058
Farmakoterapi,Farmaceutisk Mikrobiologi,0.0578
Organisk kemi I,Farmaceutisk Mikrobiologi,0.0578
Organisk kemi I,Fysik for Biologi og Farmaci,0.0576
Kvalitetsvurdering af farmaceutiske råvarer,"Fysiologi og farmakologi for farmaceuter – modul 3: Respiration, mave-tarm-system og immunologi",0.0575
Bachelorprojekt i farmaci,Naturstofkemi og farmakognosi,0.0569
Farmaceutisk fysisk kemi I,"Fysiologi og farmakologi for farmaceuter – modul 3: Respiration, mave-tarm-system og immunologi",0.0568
Bachelorprojekt i farmaci,Fysik for Biologi og Farmaci,0.0559
Bachelorprojekt i farmaci,Medicinalkemi A,0.0557
Samfundsfarmaci – metode og formidling,"Fysiologi og farmakologi for farmaceuter – modul 3: Respiration, mave-tarm-system og immunologi",0.0557
Lægemidler fra naturen,Medicinalkemi A,0.0557
Farmaceutisk analytisk kemi,"Fysiologi og farmakologi for farmaceuter - Modul 2: hjerte, kar og nyrer",0.0557
Farmaceutisk fysisk kemi II,Samfundsfarmaci,0.0556
Farmaceutisk fysisk kemi II,Fysiologi og farmakologi for farmaceuter - Modul 1: molekyler og celler,0.0537
Kemiske principper,Fundamental Molekylær Biologi,0.053
Farmaceutisk fysisk kemi I,"Fysiologi og farmakologi for farmaceuter - Modul 2: hjerte, kar og nyrer",0.0529
Farmaceutisk fysisk kemi II,Medicinalkemi A,0.0524
Organisk kemi I,"Fysiologi og farmakologi for farmaceuter - Modul 2: hjerte, kar og nyrer",0.0521
Farmaceutisk analytisk kemi,"Fysiologi og farmakologi for farmaceuter – modul 3: Respiration, mave-tarm-system og immunologi",0.0516
Organfarmakologi,Fysik for Biologi og Farmaci,0.0513
Samfundsfarmaci – metode og formidling,Naturstofkemi og farmakognosi,0.0512
Lægemiddeludvikling fra molekyle til menneske,Toksikologi,0.051
Organisk kemi I,Samfundsfarmaci,0.051
Farmaceutisk biologi,Organisk Kemi,0.05
Lægemiddeludvikling fra molekyle til menneske,Matematik og statistik for farmaci,0.0496
Samfundsfarmaci – metode og formidling,Fysik for Biologi og Farmaci,0.0494
Farmaci I – flydende og halvfaste lægemiddelformer,"Fysiologi og farmakologi for farmaceuter - Modul 4: Hormoner, kirtler, knogler og nervesystem",0.0492
Lægemiddeludvikling fra molekyle til menneske,Instrumentel farmaceutisk analyse,0.0492
Lægemiddeludvikling fra molekyle til menneske,Grundlæggende biokemi,0.0491
Farmaci I – flydende og halvfaste lægemiddelformer,Samfundsfarmaci,0.0489
Systemfarmakologi - signalvejenes farmakologi,Fysik for Biologi og Farmaci,0.0485
Videnskabsteori og samfundsfarmaci,Organisk Kemi,0.0477
Basal farmakologi,Fysik for Biologi og Farmaci,0.0465
Lægemiddeludvikling fra molekyle til menneske,"Fysiologi og farmakologi for farmaceuter - Modul 4: Hormoner, kirtler, knogler og nervesystem",0.0463
Lægemiddeludvikling fra molekyle til menneske,Grundstoffernes Kemi,0.0462
Farmaceutisk fysisk kemi II,Toksikologi,0.0458
Lægemiddeludvikling fra molekyle til menneske,Fysiologi og farmakologi for farmaceuter - Modul 1: molekyler og celler,0.0456
Kvalitetsvurdering af farmaceutiske råvarer,Medicinalkemi A,0.0456
Farmaci II – faste lægemiddelformer,"Fysiologi og farmakologi for farmaceuter - Modul 2: hjerte, kar og nyrer",0.0455
Samfundsfarmaci – metode og formidling,Medicinalkemi A,0.0451
Farmaceutisk analytisk kemi,Medicinalkemi A,0.045
Farmakoterapi,Fundamental Molekylær Biologi,0.0443
Farmaci II – faste lægemiddelformer,Fysik for Biologi og Farmaci,0.0442
Cellulær og molekylær biologi,Organisk Kemi,0.0438
Organisk kemi I,Fundamental Molekylær Biologi,0.0433
Farmaceutisk fysisk kemi I,Fundamental Molekylær Biologi,0.0433
Farmakoterapi,Medicinalkemi A,0.0429
Farmaci II – faste lægemiddelformer,"Fysiologi og farmakologi for farmaceuter – modul 3: Respiration, mave-tarm-system og immunologi",0.0425
Farmaci II – faste lægemiddelformer,Medicinalkemi A,0.0415
Lægemidler fra naturen,Fysik for Biologi og Farmaci,0.0409
Farmaci I – flydende og halvfaste lægemiddelformer,Grundlæggende biokemi,0.0408
Videnskabsteori og samfundsfarmaci,Fundamental Molekylær Biologi,0.0406
Farmaci I – flydende og halvfaste lægemiddelformer,Fysiologi og farmakologi for farmaceuter - Modul 1: molekyler og celler,0.0402
Farmaceutisk analytisk kemi,Fundamental Molekylær Biologi,0.0402
Farmaci II – faste lægemiddelformer,Naturstofkemi og farmakognosi,0.04
Farmaceutisk fysisk kemi II,"Fysiologi og farmakologi for farmaceuter - Modul 2: hjerte, kar og nyrer",0.04
Farmaci II – faste lægemiddelformer,Fundamental Molekylær Biologi,0.0396
Bachelorprojekt i farmaci,Organisk Kemi,0.0389
Organfarmakologi,Organisk Kemi,0.0387
Lægemidler fra naturen,Fundamental Molekylær Biologi,0.0378
Kvalitetsvurdering af farmaceutiske råvarer,Fundamental Molekylær Biologi,0.0377
Systemfarmakologi - signalvejenes farmakologi,Organisk Kemi,0.0372
Lægemiddeludvikling fra molekyle til menneske,"Fysiologi og farmakologi for farmaceuter – modul 3: Respiration, mave-tarm-system og immunologi",0.0368
Farmaci I – flydende og halvfaste lægemiddelformer,Toksikologi,0.0367
Farmaceutisk analytisk kemi,Organisk Kemi,0.0356
Farmaci I – flydende og halvfaste lægemiddelformer,Fysik for Biologi og Farmaci,0.0355
Farmakoterapi,Fysik for Biologi og Farmaci,0.034
Farmaceutisk fysisk kemi II,"Fysiologi og farmakologi for farmaceuter – modul 3: Respiration, mave-tarm-system og immunologi",0.0331
Farmaceutisk fysisk kemi II,Fundamental Molekylær Biologi,0.0328
Basal farmakologi,Fundamental Molekylær Biologi,0.0326
Kvalitetsvurdering af farmaceutiske råvarer,Organisk Kemi,0.032
Lægemiddeludvikling fra molekyle til menneske,Fundamental Molekylær Biologi,0.032
Bachelorprojekt i farmaci,Fundamental Molekylær Biologi,0.0319
Farmaci I – flydende og halvfaste lægemiddelformer,Medicinalkemi A,0.0299
Lægemiddeludvikling fra molekyle til menneske,"Fysiologi og farmakologi for farmaceuter - Modul 2: hjerte, kar og nyrer",0.0286
Samfundsfarmaci – metode og formidling,Organisk Kemi,0.028
Farmaci I – flydende og halvfaste lægemiddelformer,Naturstofkemi og farmakognosi,0.0267
Samfundsfarmaci – metode og formidling,Fundamental Molekylær Biologi,0.0262
Farmaci I – flydende og halvfaste lægemiddelformer,"Fysiologi og farmakologi for farmaceuter - Modul 2: hjerte, kar og nyrer",0.026
Farmaci II – faste lægemiddelformer,Organisk Kemi,0.0259
Lægemiddeludvikling fra molekyle til menneske,Medicinalkemi A,0.0254
Farmaci I – flydende og halvfaste lægemiddelformer,Fundamental Molekylær Biologi,0.0253
Farmaci I – flydende og halvfaste lægemiddelformer,"Fysiologi og farmakologi for farmaceuter – modul 3: Respiration, mave-tarm-system og immunologi",0.0243
Lægemiddeludvikling fra molekyle til menneske,Organisk Kemi,0.0231
Basal farmakologi,Organisk Kemi,0.023
Lægemiddeludvikling fra molekyle til menneske,Fysik for Biologi og Farmaci,0.0224
Farmakoterapi,Organisk Kemi,0.0208
Farmaci I – flydende og halvfaste lægemiddelformer,Organisk Kemi,0.0161
