course_KU,course_SDU,Semester,similarity
Cellulær og molekylær biologi,Fysiologi og farmakologi for farmaceuter - Modul 1: molekyler og celler,1,0.6772805452346802
Cellulær og molekylær biologi,Fundamental Molekylær Biologi,1,0.6188626289367676
Cellulær og molekylær biologi,Grundlæggende biokemi,1,0.5124945044517517
Cellulær og molekylær biologi,Farmaceutisk Biologi,1,0.49215254187583923
Cellulær og molekylær biologi,Farmaceutisk Mikrobiologi,1,0.44153961539268494
Cellulær og molekylær biologi,Indledende organisk kemi,1,0.43844035267829895
Cellulær og molekylær biologi,"Fysiologi og farmakologi for farmaceuter - Modul 4: Hormoner, kirtler, knogler og nervesystem",1,0.4185269773006439
Cellulær og molekylær biologi,Matematik og statistik for farmaci,1,0.39525142312049866
Cellulær og molekylær biologi,"Fysiologi og farmakologi for farmaceuter – modul 3: Respiration, mave-tarm-system og immunologi",1,0.3950372338294983
Cellulær og molekylær biologi,Instrumentel farmaceutisk analyse,1,0.39016976952552795
Cellulær og molekylær biologi,Farmaci grundkursus,1,0.3853816092014313
Cellulær og molekylær biologi,Organisk Kemi,1,0.38146504759788513
Cellulær og molekylær biologi,Fysik for Biologi og Farmaci,1,0.3801950216293335
Cellulær og molekylær biologi,Medicinalkemi A,1,0.3786306083202362
Cellulær og molekylær biologi,Almen kemi,1,0.36847227811813354
Cellulær og molekylær biologi,"Fysiologi og farmakologi for farmaceuter - Modul 2: hjerte, kar og nyrer",1,0.35317450761795044
Cellulær og molekylær biologi,Grundstoffernes Kemi,1,0.3523377478122711
Cellulær og molekylær biologi,Lægemiddelformulering og fremstilling D,1,0.3497156798839569
Cellulær og molekylær biologi,Toksikologi,1,0.2995521128177643
Cellulær og molekylær biologi,Farmaceutisk fysisk kemi,1,0.2732604742050171
Cellulær og molekylær biologi,Naturstofkemi og farmakognosi,1,0.25106075406074524
Cellulær og molekylær biologi,Samfundsfarmaci,1,0.21587927639484406
Cellulær og molekylær biologi,Lægemiddelformulering og fremstilling A,1,0.16967074573040009
Cellulær og molekylær biologi,Lægemiddelformulering og fremstilling C,1,0.16651226580142975
Cellulær og molekylær biologi,Lægemiddelformulering og fremstilling B,1,0.11630650609731674
Kemiske principper,Grundlæggende biokemi,1,0.5808966755867004
Kemiske principper,Almen kemi,1,0.5101697444915771
Kemiske principper,"Fysiologi og farmakologi for farmaceuter - Modul 4: Hormoner, kirtler, knogler og nervesystem",1,0.4746033251285553
Kemiske principper,Organisk Kemi,1,0.4728601276874542
Kemiske principper,Farmaceutisk fysisk kemi,1,0.45820188522338867
Kemiske principper,Fysiologi og farmakologi for farmaceuter - Modul 1: molekyler og celler,1,0.4418832063674927
Kemiske principper,"Fysiologi og farmakologi for farmaceuter – modul 3: Respiration, mave-tarm-system og immunologi",1,0.4245905876159668
Kemiske principper,Farmaceutisk Mikrobiologi,1,0.42302098870277405
Kemiske principper,Lægemiddelformulering og fremstilling D,1,0.40272143483161926
Kemiske principper,Fysik for Biologi og Farmaci,1,0.3929002583026886
Kemiske principper,Fundamental Molekylær Biologi,1,0.39068809151649475
Kemiske principper,Instrumentel farmaceutisk analyse,1,0.3718978464603424
Kemiske principper,Lægemiddelformulering og fremstilling C,1,0.3583599627017975
Kemiske principper,Indledende organisk kemi,1,0.32255446910858154
Kemiske principper,Toksikologi,1,0.3059806525707245
Kemiske principper,"Fysiologi og farmakologi for farmaceuter - Modul 2: hjerte, kar og nyrer",1,0.3024127185344696
Kemiske principper,Samfundsfarmaci,1,0.2949451506137848
Kemiske principper,Naturstofkemi og farmakognosi,1,0.28135672211647034
Kemiske principper,Lægemiddelformulering og fremstilling B,1,0.25734037160873413
Kemiske principper,Medicinalkemi A,1,0.2269534319639206
Kemiske principper,Lægemiddelformulering og fremstilling A,1,0.21936684846878052
Kemiske principper,Farmaci grundkursus,1,0.2164752036333084
Kemiske principper,Grundstoffernes Kemi,1,0.21288442611694336
Kemiske principper,Matematik og statistik for farmaci,1,0.13695429265499115
Kemiske principper,Farmaceutisk Biologi,1,0.09924619644880295
Lægemiddeludvikling fra molekyle til menneske,Medicinalkemi A,1,0.5610715746879578
Lægemiddeludvikling fra molekyle til menneske,Lægemiddelformulering og fremstilling D,1,0.5376515984535217
Lægemiddeludvikling fra molekyle til menneske,Lægemiddelformulering og fremstilling C,1,0.5175520181655884
Lægemiddeludvikling fra molekyle til menneske,Naturstofkemi og farmakognosi,1,0.4709937870502472
Lægemiddeludvikling fra molekyle til menneske,"Fysiologi og farmakologi for farmaceuter - Modul 4: Hormoner, kirtler, knogler og nervesystem",1,0.4369877874851227
Lægemiddeludvikling fra molekyle til menneske,Lægemiddelformulering og fremstilling A,1,0.42500388622283936
Lægemiddeludvikling fra molekyle til menneske,Fysik for Biologi og Farmaci,1,0.4193282425403595
Lægemiddeludvikling fra molekyle til menneske,Fysiologi og farmakologi for farmaceuter - Modul 1: molekyler og celler,1,0.3991875946521759
Lægemiddeludvikling fra molekyle til menneske,Almen kemi,1,0.3964017927646637
Lægemiddeludvikling fra molekyle til menneske,Lægemiddelformulering og fremstilling B,1,0.38535067439079285
Lægemiddeludvikling fra molekyle til menneske,Grundstoffernes Kemi,1,0.38437578082084656
Lægemiddeludvikling fra molekyle til menneske,Organisk Kemi,1,0.37899357080459595
Lægemiddeludvikling fra molekyle til menneske,Instrumentel farmaceutisk analyse,1,0.33959370851516724
Lægemiddeludvikling fra molekyle til menneske,Grundlæggende biokemi,1,0.3338782787322998
Lægemiddeludvikling fra molekyle til menneske,Fundamental Molekylær Biologi,1,0.32098689675331116
Lægemiddeludvikling fra molekyle til menneske,Farmaceutisk fysisk kemi,1,0.3146480917930603
Lægemiddeludvikling fra molekyle til menneske,Farmaceutisk Mikrobiologi,1,0.3019375205039978
Lægemiddeludvikling fra molekyle til menneske,"Fysiologi og farmakologi for farmaceuter – modul 3: Respiration, mave-tarm-system og immunologi",1,0.29986292123794556
Lægemiddeludvikling fra molekyle til menneske,Samfundsfarmaci,1,0.28714919090270996
Lægemiddeludvikling fra molekyle til menneske,Farmaci grundkursus,1,0.24095402657985687
Lægemiddeludvikling fra molekyle til menneske,Indledende organisk kemi,1,0.23742438852787018
Lægemiddeludvikling fra molekyle til menneske,"Fysiologi og farmakologi for farmaceuter - Modul 2: hjerte, kar og nyrer",1,0.22992299497127533
Lægemiddeludvikling fra molekyle til menneske,Farmaceutisk Biologi,1,0.21830888092517853
Lægemiddeludvikling fra molekyle til menneske,Matematik og statistik for farmaci,1,0.18011300265789032
Lægemiddeludvikling fra molekyle til menneske,Toksikologi,1,0.12979021668434143
Organisk kemi I,Indledende organisk kemi,1,0.642341673374176
Organisk kemi I,Farmaceutisk fysisk kemi,1,0.6033068895339966
Organisk kemi I,Almen kemi,1,0.5052199959754944
Organisk kemi I,Medicinalkemi A,1,0.5048303008079529
Organisk kemi I,Organisk Kemi,1,0.5000749826431274
Organisk kemi I,Grundlæggende biokemi,1,0.49196019768714905
Organisk kemi I,Lægemiddelformulering og fremstilling D,1,0.4787679612636566
Organisk kemi I,Fysiologi og farmakologi for farmaceuter - Modul 1: molekyler og celler,1,0.40391063690185547
Organisk kemi I,"Fysiologi og farmakologi for farmaceuter - Modul 4: Hormoner, kirtler, knogler og nervesystem",1,0.396178662776947
Organisk kemi I,Instrumentel farmaceutisk analyse,1,0.36820125579833984
Organisk kemi I,Fundamental Molekylær Biologi,1,0.3633214235305786
Organisk kemi I,Farmaci grundkursus,1,0.36032557487487793
Organisk kemi I,Farmaceutisk Biologi,1,0.3419756293296814
Organisk kemi I,Fysik for Biologi og Farmaci,1,0.33746078610420227
Organisk kemi I,Grundstoffernes Kemi,1,0.3289332985877991
Organisk kemi I,Naturstofkemi og farmakognosi,1,0.3082883954048157
Organisk kemi I,"Fysiologi og farmakologi for farmaceuter – modul 3: Respiration, mave-tarm-system og immunologi",1,0.30225205421447754
Organisk kemi I,Matematik og statistik for farmaci,1,0.253627210855484
Organisk kemi I,Lægemiddelformulering og fremstilling B,1,0.23590917885303497
Organisk kemi I,Toksikologi,1,0.21065928041934967
Organisk kemi I,Farmaceutisk Mikrobiologi,1,0.20619933307170868
Organisk kemi I,Lægemiddelformulering og fremstilling C,1,0.18953169882297516
Organisk kemi I,Lægemiddelformulering og fremstilling A,1,0.18899859488010406
Organisk kemi I,"Fysiologi og farmakologi for farmaceuter - Modul 2: hjerte, kar og nyrer",1,0.17554578185081482
Organisk kemi I,Samfundsfarmaci,1,0.0106969578191638
Farmaceutisk biologi,Fundamental Molekylær Biologi,2,0.6352764964103699
Farmaceutisk biologi,Fysiologi og farmakologi for farmaceuter - Modul 1: molekyler og celler,2,0.5742054581642151
Farmaceutisk biologi,Farmaceutisk Mikrobiologi,2,0.5141313672065735
Farmaceutisk biologi,Farmaceutisk Biologi,2,0.4798303544521332
Farmaceutisk biologi,Grundlæggende biokemi,2,0.4770331382751465
Farmaceutisk biologi,Lægemiddelformulering og fremstilling D,2,0.444013774394989
Farmaceutisk biologi,Medicinalkemi A,2,0.415164053440094
Farmaceutisk biologi,"Fysiologi og farmakologi for farmaceuter – modul 3: Respiration, mave-tarm-system og immunologi",2,0.407003253698349
Farmaceutisk biologi,Farmaci grundkursus,2,0.38897594809532166
Farmaceutisk biologi,"Fysiologi og farmakologi for farmaceuter - Modul 4: Hormoner, kirtler, knogler og nervesystem",2,0.3712010085582733
Farmaceutisk biologi,Fysik for Biologi og Farmaci,2,0.3529201149940491
Farmaceutisk biologi,Instrumentel farmaceutisk analyse,2,0.3455073833465576
Farmaceutisk biologi,Matematik og statistik for farmaci,2,0.33706215023994446
Farmaceutisk biologi,"Fysiologi og farmakologi for farmaceuter - Modul 2: hjerte, kar og nyrer",2,0.3321259617805481
Farmaceutisk biologi,Indledende organisk kemi,2,0.3286695182323456
Farmaceutisk biologi,Toksikologi,2,0.31823310256004333
Farmaceutisk biologi,Grundstoffernes Kemi,2,0.31246617436408997
Farmaceutisk biologi,Organisk Kemi,2,0.28874629735946655
Farmaceutisk biologi,Naturstofkemi og farmakognosi,2,0.27579596638679504
Farmaceutisk biologi,Almen kemi,2,0.27232852578163147
Farmaceutisk biologi,Lægemiddelformulering og fremstilling C,2,0.27035412192344666
Farmaceutisk biologi,Lægemiddelformulering og fremstilling A,2,0.23132191598415375
Farmaceutisk biologi,Samfundsfarmaci,2,0.2268272042274475
Farmaceutisk biologi,Lægemiddelformulering og fremstilling B,2,0.219161719083786
Farmaceutisk biologi,Farmaceutisk fysisk kemi,2,0.2090625911951065
Farmaceutisk fysisk kemi I,Fysik for Biologi og Farmaci,2,0.5597772002220154
Farmaceutisk fysisk kemi I,"Fysiologi og farmakologi for farmaceuter - Modul 4: Hormoner, kirtler, knogler og nervesystem",2,0.5474656224250793
Farmaceutisk fysisk kemi I,Naturstofkemi og farmakognosi,2,0.49719494581222534
Farmaceutisk fysisk kemi I,"Fysiologi og farmakologi for farmaceuter – modul 3: Respiration, mave-tarm-system og immunologi",2,0.4731811583042145
Farmaceutisk fysisk kemi I,Almen kemi,2,0.42841148376464844
Farmaceutisk fysisk kemi I,Lægemiddelformulering og fremstilling C,2,0.4243699014186859
Farmaceutisk fysisk kemi I,Fundamental Molekylær Biologi,2,0.4193802773952484
Farmaceutisk fysisk kemi I,"Fysiologi og farmakologi for farmaceuter - Modul 2: hjerte, kar og nyrer",2,0.416934609413147
Farmaceutisk fysisk kemi I,Fysiologi og farmakologi for farmaceuter - Modul 1: molekyler og celler,2,0.41384920477867126
Farmaceutisk fysisk kemi I,Organisk Kemi,2,0.4124073386192322
Farmaceutisk fysisk kemi I,Grundstoffernes Kemi,2,0.4120018184185028
Farmaceutisk fysisk kemi I,Indledende organisk kemi,2,0.4028269946575165
Farmaceutisk fysisk kemi I,Lægemiddelformulering og fremstilling D,2,0.3792305588722229
Farmaceutisk fysisk kemi I,Grundlæggende biokemi,2,0.3741273880004883
Farmaceutisk fysisk kemi I,Lægemiddelformulering og fremstilling A,2,0.3570419251918793
Farmaceutisk fysisk kemi I,Lægemiddelformulering og fremstilling B,2,0.35272181034088135
Farmaceutisk fysisk kemi I,Medicinalkemi A,2,0.3386005759239197
Farmaceutisk fysisk kemi I,Toksikologi,2,0.31976383924484253
Farmaceutisk fysisk kemi I,Samfundsfarmaci,2,0.30732813477516174
Farmaceutisk fysisk kemi I,Farmaceutisk fysisk kemi,2,0.3068748116493225
Farmaceutisk fysisk kemi I,Farmaceutisk Mikrobiologi,2,0.29845401644706726
Farmaceutisk fysisk kemi I,Instrumentel farmaceutisk analyse,2,0.20899946987628937
Farmaceutisk fysisk kemi I,Matematik og statistik for farmaci,2,0.1798989474773407
Farmaceutisk fysisk kemi I,Farmaci grundkursus,2,0.10115093737840652
Farmaceutisk fysisk kemi I,Farmaceutisk Biologi,2,0.0
Kvalitetsvurdering af farmaceutiske råvarer,Instrumentel farmaceutisk analyse,2,0.5744180083274841
Kvalitetsvurdering af farmaceutiske råvarer,Grundlæggende biokemi,2,0.5447362661361694
Kvalitetsvurdering af farmaceutiske råvarer,Farmaceutisk Mikrobiologi,2,0.5440979599952698
Kvalitetsvurdering af farmaceutiske råvarer,Farmaceutisk fysisk kemi,2,0.5104673504829407
Kvalitetsvurdering af farmaceutiske råvarer,Samfundsfarmaci,2,0.5104610919952393
Kvalitetsvurdering af farmaceutiske råvarer,Almen kemi,2,0.5097248554229736
Kvalitetsvurdering af farmaceutiske råvarer,Organisk Kemi,2,0.46120673418045044
Kvalitetsvurdering af farmaceutiske råvarer,Lægemiddelformulering og fremstilling C,2,0.45790258049964905
Kvalitetsvurdering af farmaceutiske råvarer,Toksikologi,2,0.44578075408935547
Kvalitetsvurdering af farmaceutiske råvarer,Farmaci grundkursus,2,0.43034234642982483
Kvalitetsvurdering af farmaceutiske råvarer,Fysiologi og farmakologi for farmaceuter - Modul 1: molekyler og celler,2,0.37325137853622437
Kvalitetsvurdering af farmaceutiske råvarer,Lægemiddelformulering og fremstilling A,2,0.35779625177383423
Kvalitetsvurdering af farmaceutiske råvarer,Lægemiddelformulering og fremstilling B,2,0.3461337983608246
Kvalitetsvurdering af farmaceutiske råvarer,Lægemiddelformulering og fremstilling D,2,0.33336371183395386
Kvalitetsvurdering af farmaceutiske råvarer,"Fysiologi og farmakologi for farmaceuter – modul 3: Respiration, mave-tarm-system og immunologi",2,0.3177401125431061
Kvalitetsvurdering af farmaceutiske råvarer,"Fysiologi og farmakologi for farmaceuter - Modul 2: hjerte, kar og nyrer",2,0.31722936034202576
Kvalitetsvurdering af farmaceutiske råvarer,Matematik og statistik for farmaci,2,0.30651533603668213
Kvalitetsvurdering af farmaceutiske råvarer,Fysik for Biologi og Farmaci,2,0.305235356092453
Kvalitetsvurdering af farmaceutiske råvarer,"Fysiologi og farmakologi for farmaceuter - Modul 4: Hormoner, kirtler, knogler og nervesystem",2,0.30158090591430664
Kvalitetsvurdering af farmaceutiske råvarer,Fundamental Molekylær Biologi,2,0.28385183215141296
Kvalitetsvurdering af farmaceutiske råvarer,Farmaceutisk Biologi,2,0.26926788687705994
Kvalitetsvurdering af farmaceutiske råvarer,Naturstofkemi og farmakognosi,2,0.2600926160812378
Kvalitetsvurdering af farmaceutiske råvarer,Grundstoffernes Kemi,2,0.19617290794849396
Kvalitetsvurdering af farmaceutiske råvarer,Medicinalkemi A,2,0.17319494485855103
Kvalitetsvurdering af farmaceutiske råvarer,Indledende organisk kemi,2,0.16952510178089142
Organisk kemi II – syntese af lægemiddelstoffer,Indledende organisk kemi,2,0.6621703505516052
Organisk kemi II – syntese af lægemiddelstoffer,Farmaci grundkursus,2,0.5544261932373047
Organisk kemi II – syntese af lægemiddelstoffer,Medicinalkemi A,2,0.5445300340652466
Organisk kemi II – syntese af lægemiddelstoffer,Farmaceutisk fysisk kemi,2,0.5427116751670837
Organisk kemi II – syntese af lægemiddelstoffer,Farmaceutisk Biologi,2,0.5320562720298767
Organisk kemi II – syntese af lægemiddelstoffer,Matematik og statistik for farmaci,2,0.4878758490085602
Organisk kemi II – syntese af lægemiddelstoffer,Fundamental Molekylær Biologi,2,0.44830605387687683
Organisk kemi II – syntese af lægemiddelstoffer,Toksikologi,2,0.440073698759079
Organisk kemi II – syntese af lægemiddelstoffer,Fysiologi og farmakologi for farmaceuter - Modul 1: molekyler og celler,2,0.436590313911438
Organisk kemi II – syntese af lægemiddelstoffer,Lægemiddelformulering og fremstilling D,2,0.4080142080783844
Organisk kemi II – syntese af lægemiddelstoffer,Instrumentel farmaceutisk analyse,2,0.4069727957248688
Organisk kemi II – syntese af lægemiddelstoffer,Grundstoffernes Kemi,2,0.3954471945762634
Organisk kemi II – syntese af lægemiddelstoffer,Naturstofkemi og farmakognosi,2,0.37629690766334534
Organisk kemi II – syntese af lægemiddelstoffer,"Fysiologi og farmakologi for farmaceuter - Modul 2: hjerte, kar og nyrer",2,0.35211217403411865
Organisk kemi II – syntese af lægemiddelstoffer,"Fysiologi og farmakologi for farmaceuter – modul 3: Respiration, mave-tarm-system og immunologi",2,0.34700632095336914
Organisk kemi II – syntese af lægemiddelstoffer,Organisk Kemi,2,0.33122318983078003
Organisk kemi II – syntese af lægemiddelstoffer,Fysik for Biologi og Farmaci,2,0.32061824202537537
Organisk kemi II – syntese af lægemiddelstoffer,Grundlæggende biokemi,2,0.30562707781791687
Organisk kemi II – syntese af lægemiddelstoffer,Almen kemi,2,0.29892969131469727
Organisk kemi II – syntese af lægemiddelstoffer,Lægemiddelformulering og fremstilling A,2,0.29842624068260193
Organisk kemi II – syntese af lægemiddelstoffer,Lægemiddelformulering og fremstilling B,2,0.2861071825027466
Organisk kemi II – syntese af lægemiddelstoffer,"Fysiologi og farmakologi for farmaceuter - Modul 4: Hormoner, kirtler, knogler og nervesystem",2,0.2633102834224701
Organisk kemi II – syntese af lægemiddelstoffer,Farmaceutisk Mikrobiologi,2,0.2536664605140686
Organisk kemi II – syntese af lægemiddelstoffer,Lægemiddelformulering og fremstilling C,2,0.1785449981689453
Organisk kemi II – syntese af lægemiddelstoffer,Samfundsfarmaci,2,0.044307585805654526
Basal farmakologi,Farmaceutisk Mikrobiologi,3,0.5671218037605286
Basal farmakologi,Grundlæggende biokemi,3,0.5659540295600891
Basal farmakologi,"Fysiologi og farmakologi for farmaceuter – modul 3: Respiration, mave-tarm-system og immunologi",3,0.5017049312591553
Basal farmakologi,"Fysiologi og farmakologi for farmaceuter - Modul 4: Hormoner, kirtler, knogler og nervesystem",3,0.49433350563049316
Basal farmakologi,Almen kemi,3,0.4808127284049988
Basal farmakologi,Samfundsfarmaci,3,0.47979065775871277
Basal farmakologi,Lægemiddelformulering og fremstilling B,3,0.4523397386074066
Basal farmakologi,Farmaci grundkursus,3,0.44922035932540894
Basal farmakologi,Organisk Kemi,3,0.4433867037296295
Basal farmakologi,Farmaceutisk Biologi,3,0.4369015097618103
Basal farmakologi,Lægemiddelformulering og fremstilling D,3,0.4335639476776123
Basal farmakologi,Toksikologi,3,0.42896074056625366
Basal farmakologi,Farmaceutisk fysisk kemi,3,0.41955944895744324
Basal farmakologi,Instrumentel farmaceutisk analyse,3,0.3960321843624115
Basal farmakologi,"Fysiologi og farmakologi for farmaceuter - Modul 2: hjerte, kar og nyrer",3,0.38655373454093933
Basal farmakologi,Fundamental Molekylær Biologi,3,0.3722865581512451
Basal farmakologi,Lægemiddelformulering og fremstilling C,3,0.34957045316696167
Basal farmakologi,Matematik og statistik for farmaci,3,0.34266722202301025
Basal farmakologi,Indledende organisk kemi,3,0.3160979151725769
Basal farmakologi,Lægemiddelformulering og fremstilling A,3,0.30219268798828125
Basal farmakologi,Grundstoffernes Kemi,3,0.2989392578601837
Basal farmakologi,Fysik for Biologi og Farmaci,3,0.26912999153137207
Basal farmakologi,Fysiologi og farmakologi for farmaceuter - Modul 1: molekyler og celler,3,0.24453389644622803
Basal farmakologi,Medicinalkemi A,3,0.22008398175239563
Basal farmakologi,Naturstofkemi og farmakognosi,3,0.18231360614299774
Biopharmaceuticals – bioorganisk kemi,Fundamental Molekylær Biologi,3,0.5826058387756348
Biopharmaceuticals – bioorganisk kemi,Indledende organisk kemi,3,0.5780901312828064
Biopharmaceuticals – bioorganisk kemi,Grundlæggende biokemi,3,0.5596665740013123
Biopharmaceuticals – bioorganisk kemi,Lægemiddelformulering og fremstilling D,3,0.524713933467865
Biopharmaceuticals – bioorganisk kemi,"Fysiologi og farmakologi for farmaceuter – modul 3: Respiration, mave-tarm-system og immunologi",3,0.4792723059654236
Biopharmaceuticals – bioorganisk kemi,Farmaceutisk Mikrobiologi,3,0.4369107782840729
Biopharmaceuticals – bioorganisk kemi,"Fysiologi og farmakologi for farmaceuter - Modul 4: Hormoner, kirtler, knogler og nervesystem",3,0.4233464300632477
Biopharmaceuticals – bioorganisk kemi,Farmaceutisk Biologi,3,0.4223358929157257
Biopharmaceuticals – bioorganisk kemi,Medicinalkemi A,3,0.39635834097862244
Biopharmaceuticals – bioorganisk kemi,Farmaceutisk fysisk kemi,3,0.3754555881023407
Biopharmaceuticals – bioorganisk kemi,Organisk Kemi,3,0.37101131677627563
Biopharmaceuticals – bioorganisk kemi,Farmaci grundkursus,3,0.3696715533733368
Biopharmaceuticals – bioorganisk kemi,Almen kemi,3,0.35984349250793457
Biopharmaceuticals – bioorganisk kemi,Toksikologi,3,0.35219287872314453
Biopharmaceuticals – bioorganisk kemi,Fysiologi og farmakologi for farmaceuter - Modul 1: molekyler og celler,3,0.3176707327365875
Biopharmaceuticals – bioorganisk kemi,Fysik for Biologi og Farmaci,3,0.30904871225357056
Biopharmaceuticals – bioorganisk kemi,Lægemiddelformulering og fremstilling B,3,0.30885210633277893
Biopharmaceuticals – bioorganisk kemi,Grundstoffernes Kemi,3,0.2844178378582001
Biopharmaceuticals – bioorganisk kemi,"Fysiologi og farmakologi for farmaceuter - Modul 2: hjerte, kar og nyrer",3,0.2748483717441559
Biopharmaceuticals – bioorganisk kemi,Matematik og statistik for farmaci,3,0.2566622495651245
Biopharmaceuticals – bioorganisk kemi,Instrumentel farmaceutisk analyse,3,0.21554890275001526
Biopharmaceuticals – bioorganisk kemi,Naturstofkemi og farmakognosi,3,0.2108325958251953
Biopharmaceuticals – bioorganisk kemi,Lægemiddelformulering og fremstilling C,3,0.16448354721069336
Biopharmaceuticals – bioorganisk kemi,Lægemiddelformulering og fremstilling A,3,0.13956181704998016
Biopharmaceuticals – bioorganisk kemi,Samfundsfarmaci,3,0.0751417800784111
Farmaceutisk fysisk kemi II,Fysik for Biologi og Farmaci,3,0.5593324899673462
Farmaceutisk fysisk kemi II,Naturstofkemi og farmakognosi,3,0.5586907863616943
Farmaceutisk fysisk kemi II,Grundstoffernes Kemi,3,0.5407184958457947
Farmaceutisk fysisk kemi II,"Fysiologi og farmakologi for farmaceuter - Modul 4: Hormoner, kirtler, knogler og nervesystem",3,0.5266579985618591
Farmaceutisk fysisk kemi II,Lægemiddelformulering og fremstilling B,3,0.5062297582626343
Farmaceutisk fysisk kemi II,Lægemiddelformulering og fremstilling A,3,0.4843190014362335
Farmaceutisk fysisk kemi II,"Fysiologi og farmakologi for farmaceuter - Modul 2: hjerte, kar og nyrer",3,0.45681944489479065
Farmaceutisk fysisk kemi II,Lægemiddelformulering og fremstilling C,3,0.44700831174850464
Farmaceutisk fysisk kemi II,"Fysiologi og farmakologi for farmaceuter – modul 3: Respiration, mave-tarm-system og immunologi",3,0.43395528197288513
Farmaceutisk fysisk kemi II,Indledende organisk kemi,3,0.4287240207195282
Farmaceutisk fysisk kemi II,Toksikologi,3,0.4207382798194885
Farmaceutisk fysisk kemi II,Farmaceutisk fysisk kemi,3,0.4113452732563019
Farmaceutisk fysisk kemi II,Fundamental Molekylær Biologi,3,0.40082693099975586
Farmaceutisk fysisk kemi II,Farmaceutisk Mikrobiologi,3,0.3418530225753784
Farmaceutisk fysisk kemi II,Lægemiddelformulering og fremstilling D,3,0.31963393092155457
Farmaceutisk fysisk kemi II,Fysiologi og farmakologi for farmaceuter - Modul 1: molekyler og celler,3,0.31802359223365784
Farmaceutisk fysisk kemi II,Almen kemi,3,0.3078969717025757
Farmaceutisk fysisk kemi II,Medicinalkemi A,3,0.30784282088279724
Farmaceutisk fysisk kemi II,Organisk Kemi,3,0.28468871116638184
Farmaceutisk fysisk kemi II,Matematik og statistik for farmaci,3,0.2806786000728607
Farmaceutisk fysisk kemi II,Samfundsfarmaci,3,0.2680087983608246
Farmaceutisk fysisk kemi II,Grundlæggende biokemi,3,0.2501019537448883
Farmaceutisk fysisk kemi II,Instrumentel farmaceutisk analyse,3,0.24147865176200867
Farmaceutisk fysisk kemi II,Farmaci grundkursus,3,0.21494480967521667
Farmaceutisk fysisk kemi II,Farmaceutisk Biologi,3,0.1179736778140068
Videnskabsteori og samfundsfarmaci,Medicinalkemi A,3,0.5664511322975159
Videnskabsteori og samfundsfarmaci,Lægemiddelformulering og fremstilling D,3,0.5266339182853699
Videnskabsteori og samfundsfarmaci,Lægemiddelformulering og fremstilling B,3,0.4987296462059021
Videnskabsteori og samfundsfarmaci,Almen kemi,3,0.48836326599121094
Videnskabsteori og samfundsfarmaci,Grundstoffernes Kemi,3,0.46995484828948975
Videnskabsteori og samfundsfarmaci,Organisk Kemi,3,0.46598610281944275
Videnskabsteori og samfundsfarmaci,Lægemiddelformulering og fremstilling C,3,0.4527323544025421
Videnskabsteori og samfundsfarmaci,Naturstofkemi og farmakognosi,3,0.44985631108283997
Videnskabsteori og samfundsfarmaci,Lægemiddelformulering og fremstilling A,3,0.4333864748477936
Videnskabsteori og samfundsfarmaci,Fysik for Biologi og Farmaci,3,0.4195699989795685
Videnskabsteori og samfundsfarmaci,Indledende organisk kemi,3,0.38197916746139526
Videnskabsteori og samfundsfarmaci,"Fysiologi og farmakologi for farmaceuter - Modul 4: Hormoner, kirtler, knogler og nervesystem",3,0.37887120246887207
Videnskabsteori og samfundsfarmaci,Grundlæggende biokemi,3,0.32430770993232727
Videnskabsteori og samfundsfarmaci,Samfundsfarmaci,3,0.29295334219932556
Videnskabsteori og samfundsfarmaci,Fundamental Molekylær Biologi,3,0.25049906969070435
Videnskabsteori og samfundsfarmaci,Farmaceutisk Mikrobiologi,3,0.24170784652233124
Videnskabsteori og samfundsfarmaci,Farmaceutisk fysisk kemi,3,0.23989923298358917
Videnskabsteori og samfundsfarmaci,Farmaceutisk Biologi,3,0.22446434199810028
Videnskabsteori og samfundsfarmaci,Farmaci grundkursus,3,0.22277849912643433
Videnskabsteori og samfundsfarmaci,"Fysiologi og farmakologi for farmaceuter – modul 3: Respiration, mave-tarm-system og immunologi",3,0.2152976244688034
Videnskabsteori og samfundsfarmaci,Matematik og statistik for farmaci,3,0.20512281358242035
Videnskabsteori og samfundsfarmaci,Instrumentel farmaceutisk analyse,3,0.18894800543785095
Videnskabsteori og samfundsfarmaci,Toksikologi,3,0.1349058300256729
Videnskabsteori og samfundsfarmaci,"Fysiologi og farmakologi for farmaceuter - Modul 2: hjerte, kar og nyrer",3,0.11691848933696747
Videnskabsteori og samfundsfarmaci,Fysiologi og farmakologi for farmaceuter - Modul 1: molekyler og celler,3,0.07049000263214111
Farmaceutisk analytisk kemi,Farmaceutisk fysisk kemi,4,0.6697543263435364
Farmaceutisk analytisk kemi,Instrumentel farmaceutisk analyse,4,0.6379070281982422
Farmaceutisk analytisk kemi,Grundlæggende biokemi,4,0.5377302765846252
Farmaceutisk analytisk kemi,Farmaci grundkursus,4,0.5367155075073242
Farmaceutisk analytisk kemi,Farmaceutisk Mikrobiologi,4,0.5296187400817871
Farmaceutisk analytisk kemi,Toksikologi,4,0.4404903054237366
Farmaceutisk analytisk kemi,Almen kemi,4,0.4375380277633667
Farmaceutisk analytisk kemi,Fysiologi og farmakologi for farmaceuter - Modul 1: molekyler og celler,4,0.42797255516052246
Farmaceutisk analytisk kemi,Organisk Kemi,4,0.3843706548213959
Farmaceutisk analytisk kemi,"Fysiologi og farmakologi for farmaceuter – modul 3: Respiration, mave-tarm-system og immunologi",4,0.3792411983013153
Farmaceutisk analytisk kemi,Farmaceutisk Biologi,4,0.35286086797714233
Farmaceutisk analytisk kemi,Lægemiddelformulering og fremstilling D,4,0.3475128710269928
Farmaceutisk analytisk kemi,Samfundsfarmaci,4,0.3430894613265991
Farmaceutisk analytisk kemi,Lægemiddelformulering og fremstilling C,4,0.3357298672199249
Farmaceutisk analytisk kemi,"Fysiologi og farmakologi for farmaceuter - Modul 2: hjerte, kar og nyrer",4,0.3356015086174011
Farmaceutisk analytisk kemi,"Fysiologi og farmakologi for farmaceuter - Modul 4: Hormoner, kirtler, knogler og nervesystem",4,0.3331218361854553
Farmaceutisk analytisk kemi,Matematik og statistik for farmaci,4,0.296047180891037
Farmaceutisk analytisk kemi,Lægemiddelformulering og fremstilling B,4,0.2769526243209839
Farmaceutisk analytisk kemi,Fundamental Molekylær Biologi,4,0.2545505166053772
Farmaceutisk analytisk kemi,Lægemiddelformulering og fremstilling A,4,0.25218790769577026
Farmaceutisk analytisk kemi,Indledende organisk kemi,4,0.1877015084028244
Farmaceutisk analytisk kemi,Fysik for Biologi og Farmaci,4,0.16112206876277924
Farmaceutisk analytisk kemi,Medicinalkemi A,4,0.1434968262910843
Farmaceutisk analytisk kemi,Naturstofkemi og farmakognosi,4,0.13282211124897003
Farmaceutisk analytisk kemi,Grundstoffernes Kemi,4,0.10713118314743042
Farmaci I – flydende og halvfaste lægemiddelformer,Toksikologi,4,0.6984019875526428
Farmaci I – flydende og halvfaste lægemiddelformer,Farmaceutisk Mikrobiologi,4,0.5795186161994934
Farmaci I – flydende og halvfaste lægemiddelformer,Farmaci grundkursus,4,0.5578745007514954
Farmaci I – flydende og halvfaste lægemiddelformer,"Fysiologi og farmakologi for farmaceuter – modul 3: Respiration, mave-tarm-system og immunologi",4,0.5338729619979858
Farmaci I – flydende og halvfaste lægemiddelformer,"Fysiologi og farmakologi for farmaceuter - Modul 2: hjerte, kar og nyrer",4,0.5064420104026794
Farmaci I – flydende og halvfaste lægemiddelformer,Fundamental Molekylær Biologi,4,0.48394182324409485
Farmaci I – flydende og halvfaste lægemiddelformer,Lægemiddelformulering og fremstilling D,4,0.40333878993988037
Farmaci I – flydende og halvfaste lægemiddelformer,Instrumentel farmaceutisk analyse,4,0.3933490812778473
Farmaci I – flydende og halvfaste lægemiddelformer,Lægemiddelformulering og fremstilling B,4,0.3871373236179352
Farmaci I – flydende og halvfaste lægemiddelformer,Matematik og statistik for farmaci,4,0.38266414403915405
Farmaci I – flydende og halvfaste lægemiddelformer,Farmaceutisk fysisk kemi,4,0.38014066219329834
Farmaci I – flydende og halvfaste lægemiddelformer,Farmaceutisk Biologi,4,0.35933130979537964
Farmaci I – flydende og halvfaste lægemiddelformer,Lægemiddelformulering og fremstilling C,4,0.34981149435043335
Farmaci I – flydende og halvfaste lægemiddelformer,Grundlæggende biokemi,4,0.34285804629325867
Farmaci I – flydende og halvfaste lægemiddelformer,Lægemiddelformulering og fremstilling A,4,0.3250245749950409
Farmaci I – flydende og halvfaste lægemiddelformer,Fysiologi og farmakologi for farmaceuter - Modul 1: molekyler og celler,4,0.3009578287601471
Farmaci I – flydende og halvfaste lægemiddelformer,Samfundsfarmaci,4,0.29669058322906494
Farmaci I – flydende og halvfaste lægemiddelformer,Naturstofkemi og farmakognosi,4,0.256199449300766
Farmaci I – flydende og halvfaste lægemiddelformer,Indledende organisk kemi,4,0.2545427083969116
Farmaci I – flydende og halvfaste lægemiddelformer,Medicinalkemi A,4,0.23828616738319397
Farmaci I – flydende og halvfaste lægemiddelformer,Fysik for Biologi og Farmaci,4,0.2144416868686676
Farmaci I – flydende og halvfaste lægemiddelformer,"Fysiologi og farmakologi for farmaceuter - Modul 4: Hormoner, kirtler, knogler og nervesystem",4,0.1905781626701355
Farmaci I – flydende og halvfaste lægemiddelformer,Organisk Kemi,4,0.15099723637104034
Farmaci I – flydende og halvfaste lægemiddelformer,Almen kemi,4,0.13810837268829346
Farmaci I – flydende og halvfaste lægemiddelformer,Grundstoffernes Kemi,4,0.12988558411598206
Organfarmakologi,"Fysiologi og farmakologi for farmaceuter – modul 3: Respiration, mave-tarm-system og immunologi",4,0.6767430305480957
Organfarmakologi,"Fysiologi og farmakologi for farmaceuter - Modul 2: hjerte, kar og nyrer",4,0.5925881266593933
Organfarmakologi,Toksikologi,4,0.5842353105545044
Organfarmakologi,Indledende organisk kemi,4,0.520287036895752
Organfarmakologi,Medicinalkemi A,4,0.49523308873176575
Organfarmakologi,Lægemiddelformulering og fremstilling D,4,0.4895194172859192
Organfarmakologi,Samfundsfarmaci,4,0.4718465805053711
Organfarmakologi,Matematik og statistik for farmaci,4,0.46770766377449036
Organfarmakologi,Organisk Kemi,4,0.4427083134651184
Organfarmakologi,Farmaci grundkursus,4,0.4214792251586914
Organfarmakologi,Fundamental Molekylær Biologi,4,0.4013183116912842
Organfarmakologi,Almen kemi,4,0.39345067739486694
Organfarmakologi,Lægemiddelformulering og fremstilling B,4,0.3596874177455902
Organfarmakologi,"Fysiologi og farmakologi for farmaceuter - Modul 4: Hormoner, kirtler, knogler og nervesystem",4,0.3505522310733795
Organfarmakologi,Naturstofkemi og farmakognosi,4,0.3298095762729645
Organfarmakologi,Fysik for Biologi og Farmaci,4,0.31275674700737
Organfarmakologi,Farmaceutisk Biologi,4,0.3068063259124756
Organfarmakologi,Grundlæggende biokemi,4,0.3041200637817383
Organfarmakologi,Lægemiddelformulering og fremstilling A,4,0.29676100611686707
Organfarmakologi,Lægemiddelformulering og fremstilling C,4,0.28508344292640686
Organfarmakologi,Farmaceutisk Mikrobiologi,4,0.2769516408443451
Organfarmakologi,Grundstoffernes Kemi,4,0.26432546973228455
Organfarmakologi,Fysiologi og farmakologi for farmaceuter - Modul 1: molekyler og celler,4,0.21620887517929077
Organfarmakologi,Instrumentel farmaceutisk analyse,4,0.17179244756698608
Organfarmakologi,Farmaceutisk fysisk kemi,4,0.13187359273433685
Samfundsfarmaci – metode og formidling,Medicinalkemi A,4,0.563808023929596
Samfundsfarmaci – metode og formidling,Lægemiddelformulering og fremstilling D,4,0.5482622981071472
Samfundsfarmaci – metode og formidling,Lægemiddelformulering og fremstilling C,4,0.45345643162727356
Samfundsfarmaci – metode og formidling,Almen kemi,4,0.4436449408531189
Samfundsfarmaci – metode og formidling,Organisk Kemi,4,0.43863189220428467
Samfundsfarmaci – metode og formidling,Lægemiddelformulering og fremstilling B,4,0.4314737617969513
Samfundsfarmaci – metode og formidling,Lægemiddelformulering og fremstilling A,4,0.40376076102256775
Samfundsfarmaci – metode og formidling,Samfundsfarmaci,4,0.4002027213573456
Samfundsfarmaci – metode og formidling,Naturstofkemi og farmakognosi,4,0.37333574891090393
Samfundsfarmaci – metode og formidling,"Fysiologi og farmakologi for farmaceuter – modul 3: Respiration, mave-tarm-system og immunologi",4,0.3530104160308838
Samfundsfarmaci – metode og formidling,Farmaci grundkursus,4,0.3475987911224365
Samfundsfarmaci – metode og formidling,"Fysiologi og farmakologi for farmaceuter - Modul 4: Hormoner, kirtler, knogler og nervesystem",4,0.3276083171367645
Samfundsfarmaci – metode og formidling,Grundstoffernes Kemi,4,0.31477731466293335
Samfundsfarmaci – metode og formidling,Fysik for Biologi og Farmaci,4,0.2996232807636261
Samfundsfarmaci – metode og formidling,Grundlæggende biokemi,4,0.29668864607810974
Samfundsfarmaci – metode og formidling,Indledende organisk kemi,4,0.285705029964447
Samfundsfarmaci – metode og formidling,Matematik og statistik for farmaci,4,0.2802529036998749
Samfundsfarmaci – metode og formidling,Instrumentel farmaceutisk analyse,4,0.27863258123397827
Samfundsfarmaci – metode og formidling,Farmaceutisk Biologi,4,0.2690873444080353
Samfundsfarmaci – metode og formidling,Farmaceutisk Mikrobiologi,4,0.26717931032180786
Samfundsfarmaci – metode og formidling,"Fysiologi og farmakologi for farmaceuter - Modul 2: hjerte, kar og nyrer",4,0.2657289206981659
Samfundsfarmaci – metode og formidling,Toksikologi,4,0.2567337453365326
Samfundsfarmaci – metode og formidling,Farmaceutisk fysisk kemi,4,0.22652824223041534
Samfundsfarmaci – metode og formidling,Fundamental Molekylær Biologi,4,0.22087526321411133
Samfundsfarmaci – metode og formidling,Fysiologi og farmakologi for farmaceuter - Modul 1: molekyler og celler,4,0.15197615325450897
Farmaci II – faste lægemiddelformer,Toksikologi,5,0.6403656601905823
Farmaci II – faste lægemiddelformer,"Fysiologi og farmakologi for farmaceuter - Modul 2: hjerte, kar og nyrer",5,0.591227650642395
Farmaci II – faste lægemiddelformer,Farmaci grundkursus,5,0.5245002508163452
Farmaci II – faste lægemiddelformer,Matematik og statistik for farmaci,5,0.5107620358467102
Farmaci II – faste lægemiddelformer,Lægemiddelformulering og fremstilling A,5,0.4896640181541443
Farmaci II – faste lægemiddelformer,Instrumentel farmaceutisk analyse,5,0.4671025574207306
Farmaci II – faste lægemiddelformer,Naturstofkemi og farmakognosi,5,0.43134936690330505
Farmaci II – faste lægemiddelformer,"Fysiologi og farmakologi for farmaceuter – modul 3: Respiration, mave-tarm-system og immunologi",5,0.4231647849082947
Farmaci II – faste lægemiddelformer,Fysiologi og farmakologi for farmaceuter - Modul 1: molekyler og celler,5,0.4061298072338104
Farmaci II – faste lægemiddelformer,Lægemiddelformulering og fremstilling C,5,0.39479130506515503
Farmaci II – faste lægemiddelformer,Farmaceutisk Mikrobiologi,5,0.3941681683063507
Farmaci II – faste lægemiddelformer,Farmaceutisk fysisk kemi,5,0.38338702917099
Farmaci II – faste lægemiddelformer,Samfundsfarmaci,5,0.38010653853416443
Farmaci II – faste lægemiddelformer,Lægemiddelformulering og fremstilling B,5,0.3766508102416992
Farmaci II – faste lægemiddelformer,Grundstoffernes Kemi,5,0.35296952724456787
Farmaci II – faste lægemiddelformer,Fysik for Biologi og Farmaci,5,0.333065390586853
Farmaci II – faste lægemiddelformer,Fundamental Molekylær Biologi,5,0.31768301129341125
Farmaci II – faste lægemiddelformer,Farmaceutisk Biologi,5,0.2990727126598358
Farmaci II – faste lægemiddelformer,Medicinalkemi A,5,0.2647959589958191
Farmaci II – faste lægemiddelformer,"Fysiologi og farmakologi for farmaceuter - Modul 4: Hormoner, kirtler, knogler og nervesystem",5,0.24357403814792633
Farmaci II – faste lægemiddelformer,Indledende organisk kemi,5,0.22920355200767517
Farmaci II – faste lægemiddelformer,Lægemiddelformulering og fremstilling D,5,0.20455560088157654
Farmaci II – faste lægemiddelformer,Almen kemi,5,0.15734557807445526
Farmaci II – faste lægemiddelformer,Organisk Kemi,5,0.15521612763404846
Farmaci II – faste lægemiddelformer,Grundlæggende biokemi,5,0.09390637278556824
Lægemidler fra naturen,Grundstoffernes Kemi,5,0.5996105670928955
Lægemidler fra naturen,Farmaceutisk fysisk kemi,5,0.5688204765319824
Lægemidler fra naturen,"Fysiologi og farmakologi for farmaceuter - Modul 4: Hormoner, kirtler, knogler og nervesystem",5,0.5576361417770386
Lægemidler fra naturen,Instrumentel farmaceutisk analyse,5,0.49829164147377014
Lægemidler fra naturen,Farmaceutisk Biologi,5,0.4855472445487976
Lægemidler fra naturen,Farmaceutisk Mikrobiologi,5,0.4811139404773712
Lægemidler fra naturen,Fysiologi og farmakologi for farmaceuter - Modul 1: molekyler og celler,5,0.4737676978111267
Lægemidler fra naturen,Lægemiddelformulering og fremstilling B,5,0.4572720229625702
Lægemidler fra naturen,Lægemiddelformulering og fremstilling A,5,0.45334112644195557
Lægemidler fra naturen,Fysik for Biologi og Farmaci,5,0.44563236832618713
Lægemidler fra naturen,Grundlæggende biokemi,5,0.42911863327026367
Lægemidler fra naturen,Lægemiddelformulering og fremstilling C,5,0.4230700433254242
Lægemidler fra naturen,Naturstofkemi og farmakognosi,5,0.4090014100074768
Lægemidler fra naturen,Fundamental Molekylær Biologi,5,0.3861938416957855
Lægemidler fra naturen,Almen kemi,5,0.3845684826374054
Lægemidler fra naturen,Lægemiddelformulering og fremstilling D,5,0.3561963438987732
Lægemidler fra naturen,Farmaci grundkursus,5,0.35559600591659546
Lægemidler fra naturen,Medicinalkemi A,5,0.3471374213695526
Lægemidler fra naturen,Organisk Kemi,5,0.31925955414772034
Lægemidler fra naturen,Indledende organisk kemi,5,0.29344916343688965
Lægemidler fra naturen,Matematik og statistik for farmaci,5,0.2820686101913452
Lægemidler fra naturen,Samfundsfarmaci,5,0.20296107232570648
Lægemidler fra naturen,"Fysiologi og farmakologi for farmaceuter - Modul 2: hjerte, kar og nyrer",5,0.17049890756607056
Lægemidler fra naturen,"Fysiologi og farmakologi for farmaceuter – modul 3: Respiration, mave-tarm-system og immunologi",5,0.16216567158699036
Lægemidler fra naturen,Toksikologi,5,0.11483921855688095
Systemfarmakologi - signalvejenes farmakologi,Grundstoffernes Kemi,5,0.7189943194389343
Systemfarmakologi - signalvejenes farmakologi,Matematik og statistik for farmaci,5,0.5891914963722229
Systemfarmakologi - signalvejenes farmakologi,Lægemiddelformulering og fremstilling A,5,0.5442336797714233
Systemfarmakologi - signalvejenes farmakologi,"Fysiologi og farmakologi for farmaceuter - Modul 2: hjerte, kar og nyrer",5,0.5414451956748962
Systemfarmakologi - signalvejenes farmakologi,Naturstofkemi og farmakognosi,5,0.5379910469055176
Systemfarmakologi - signalvejenes farmakologi,Fysik for Biologi og Farmaci,5,0.5217411518096924
Systemfarmakologi - signalvejenes farmakologi,"Fysiologi og farmakologi for farmaceuter - Modul 4: Hormoner, kirtler, knogler og nervesystem",5,0.5206001996994019
Systemfarmakologi - signalvejenes farmakologi,Samfundsfarmaci,5,0.472016304731369
Systemfarmakologi - signalvejenes farmakologi,Fysiologi og farmakologi for farmaceuter - Modul 1: molekyler og celler,5,0.46538469195365906
Systemfarmakologi - signalvejenes farmakologi,Indledende organisk kemi,5,0.3917519748210907
Systemfarmakologi - signalvejenes farmakologi,Medicinalkemi A,5,0.39103201031684875
Systemfarmakologi - signalvejenes farmakologi,Lægemiddelformulering og fremstilling B,5,0.3817909061908722
Systemfarmakologi - signalvejenes farmakologi,Instrumentel farmaceutisk analyse,5,0.37973061203956604
Systemfarmakologi - signalvejenes farmakologi,Almen kemi,5,0.3791870176792145
Systemfarmakologi - signalvejenes farmakologi,Farmaceutisk Biologi,5,0.3720322251319885
Systemfarmakologi - signalvejenes farmakologi,Farmaci grundkursus,5,0.36601683497428894
Systemfarmakologi - signalvejenes farmakologi,Organisk Kemi,5,0.3598337173461914
Systemfarmakologi - signalvejenes farmakologi,Toksikologi,5,0.3466022312641144
Systemfarmakologi - signalvejenes farmakologi,Lægemiddelformulering og fremstilling C,5,0.3453732132911682
Systemfarmakologi - signalvejenes farmakologi,"Fysiologi og farmakologi for farmaceuter – modul 3: Respiration, mave-tarm-system og immunologi",5,0.3323541283607483
Systemfarmakologi - signalvejenes farmakologi,Fundamental Molekylær Biologi,5,0.2634098529815674
Systemfarmakologi - signalvejenes farmakologi,Farmaceutisk fysisk kemi,5,0.2612999975681305
Systemfarmakologi - signalvejenes farmakologi,Farmaceutisk Mikrobiologi,5,0.20743848383426666
Systemfarmakologi - signalvejenes farmakologi,Lægemiddelformulering og fremstilling D,5,0.12946738302707672
Systemfarmakologi - signalvejenes farmakologi,Grundlæggende biokemi,5,0.06853549927473068
Bachelorprojekt i farmaci,Samfundsfarmaci,6,0.4530806243419647
Bachelorprojekt i farmaci,Lægemiddelformulering og fremstilling D,6,0.45037761330604553
Bachelorprojekt i farmaci,Instrumentel farmaceutisk analyse,6,0.45007625222206116
Bachelorprojekt i farmaci,Lægemiddelformulering og fremstilling C,6,0.4475615620613098
Bachelorprojekt i farmaci,Almen kemi,6,0.4425782859325409
Bachelorprojekt i farmaci,Organisk Kemi,6,0.4333237111568451
Bachelorprojekt i farmaci,Grundlæggende biokemi,6,0.40918275713920593
Bachelorprojekt i farmaci,Farmaci grundkursus,6,0.40748244524002075
Bachelorprojekt i farmaci,Medicinalkemi A,6,0.40662911534309387
Bachelorprojekt i farmaci,Farmaceutisk Mikrobiologi,6,0.3966384530067444
Bachelorprojekt i farmaci,Toksikologi,6,0.3767450153827667
Bachelorprojekt i farmaci,"Fysiologi og farmakologi for farmaceuter – modul 3: Respiration, mave-tarm-system og immunologi",6,0.36357811093330383
Bachelorprojekt i farmaci,Fysiologi og farmakologi for farmaceuter - Modul 1: molekyler og celler,6,0.3620249927043915
Bachelorprojekt i farmaci,Lægemiddelformulering og fremstilling A,6,0.35573774576187134
Bachelorprojekt i farmaci,"Fysiologi og farmakologi for farmaceuter - Modul 2: hjerte, kar og nyrer",6,0.3317010998725891
Bachelorprojekt i farmaci,Farmaceutisk fysisk kemi,6,0.33040258288383484
Bachelorprojekt i farmaci,Naturstofkemi og farmakognosi,6,0.31943458318710327
Bachelorprojekt i farmaci,Lægemiddelformulering og fremstilling B,6,0.3139069378376007
Bachelorprojekt i farmaci,Matematik og statistik for farmaci,6,0.3138134479522705
Bachelorprojekt i farmaci,Fundamental Molekylær Biologi,6,0.29372918605804443
Bachelorprojekt i farmaci,Fysik for Biologi og Farmaci,6,0.29260459542274475
Bachelorprojekt i farmaci,Farmaceutisk Biologi,6,0.27162966132164
Bachelorprojekt i farmaci,"Fysiologi og farmakologi for farmaceuter - Modul 4: Hormoner, kirtler, knogler og nervesystem",6,0.2691863477230072
Bachelorprojekt i farmaci,Indledende organisk kemi,6,0.21085648238658905
Bachelorprojekt i farmaci,Grundstoffernes Kemi,6,0.19912150502204895
Farmakoterapi,Matematik og statistik for farmaci,6,0.595971941947937
Farmakoterapi,Toksikologi,6,0.5828075408935547
Farmakoterapi,Farmaci grundkursus,6,0.5635805726051331
Farmakoterapi,"Fysiologi og farmakologi for farmaceuter - Modul 2: hjerte, kar og nyrer",6,0.544166088104248
Farmakoterapi,Samfundsfarmaci,6,0.48933157324790955
Farmakoterapi,"Fysiologi og farmakologi for farmaceuter – modul 3: Respiration, mave-tarm-system og immunologi",6,0.43473681807518005
Farmakoterapi,Farmaceutisk Biologi,6,0.4090518057346344
Farmakoterapi,Instrumentel farmaceutisk analyse,6,0.40816548466682434
Farmakoterapi,Lægemiddelformulering og fremstilling A,6,0.3866942822933197
Farmakoterapi,Organisk Kemi,6,0.3557729125022888
Farmakoterapi,Indledende organisk kemi,6,0.3509107232093811
Farmakoterapi,Almen kemi,6,0.34945082664489746
Farmakoterapi,Grundstoffernes Kemi,6,0.343750536441803
Farmakoterapi,Medicinalkemi A,6,0.33319517970085144
Farmakoterapi,Lægemiddelformulering og fremstilling B,6,0.32175877690315247
Farmakoterapi,Farmaceutisk Mikrobiologi,6,0.30478817224502563
Farmakoterapi,Naturstofkemi og farmakognosi,6,0.2978489398956299
Farmakoterapi,Fysiologi og farmakologi for farmaceuter - Modul 1: molekyler og celler,6,0.2776259481906891
Farmakoterapi,Farmaceutisk fysisk kemi,6,0.26538172364234924
Farmakoterapi,Lægemiddelformulering og fremstilling C,6,0.26184552907943726
Farmakoterapi,Fysik for Biologi og Farmaci,6,0.2530781626701355
Farmakoterapi,"Fysiologi og farmakologi for farmaceuter - Modul 4: Hormoner, kirtler, knogler og nervesystem",6,0.24411021173000336
Farmakoterapi,Fundamental Molekylær Biologi,6,0.24296535551548004
Farmakoterapi,Lægemiddelformulering og fremstilling D,6,0.23325763642787933
Farmakoterapi,Grundlæggende biokemi,6,0.17164066433906555
